square_id,model,hyperparams,mae,mape,rmse,train_seconds,predict_seconds,final_train_loss,epochs_run,best_epoch,stopped_early,best_val_loss,best_val_mae,total_seconds
5161,ets,"{""seasonal_periods"": 144, ""trend"": ""add"", ""seasonal"": ""add"", ""damped_trend"": true}",310.08037461121353,26.11150243810039,470.0054261025816,2.41553811301128,0.06790467200335115,,,,,,,2.4834427850146312
5161,lstm,"{""seq_len"": 72, ""epochs"": 10, ""batch_size"": 64, ""lr"": 0.001, ""hidden"": 64, ""layers"": 2, ""early_stopping"": true, ""patience"": 3, ""holdout_intervals"": 144, ""min_delta"": 1e-05}",107.13759514639472,10.779652787805755,159.3142369697176,24.905926510022255,0.8841679879988078,0.0009470557828424309,10.0,10.0,False,0.0004941317868845848,0.01653750786661274,25.790094498021062
5161,tcn,"{""seq_len"": 144, ""epochs"": 10, ""batch_size"": 64, ""lr"": 0.001, ""channels"": 32, ""early_stopping"": true, ""patience"": 3, ""holdout_intervals"": 144, ""min_delta"": 1e-05}",90.11412220374993,9.359545522485083,130.30376059306602,7.161736494017532,0.5191744760086294,0.0009005871255157189,5.0,2.0,True,0.0003373885338078253,0.01408898450123767,7.6809109700261615
4159,ets,"{""seasonal_periods"": 144, ""trend"": ""add"", ""seasonal"": ""add"", ""damped_trend"": true}",64.83752437336598,28.12527763788053,85.71152270336704,2.346756422019098,0.06481290500960313,,,,,,,2.411569327028701
4159,lstm,"{""seq_len"": 72, ""epochs"": 10, ""batch_size"": 64, ""lr"": 0.001, ""hidden"": 64, ""layers"": 2, ""early_stopping"": true, ""patience"": 3, ""holdout_intervals"": 144, ""min_delta"": 1e-05}",15.993610684355787,7.36703160267823,21.318615812971185,33.012718509999104,1.1910976539948024,0.002611696905437477,10.0,8.0,False,0.00034366469481028616,0.014989141465371681,34.203816163993906
4159,tcn,"{""seq_len"": 144, ""epochs"": 10, ""batch_size"": 64, ""lr"": 0.001, ""channels"": 32, ""early_stopping"": true, ""patience"": 3, ""holdout_intervals"": 144, ""min_delta"": 1e-05}",15.657399302607045,6.65134363351673,21.282323343891967,4.712395251990529,0.6032614759751596,0.002486091493580913,5.0,2.0,True,0.0003164205748665457,0.013638816980852021,5.315656727965688
4556,ets,"{""seasonal_periods"": 144, ""trend"": ""add"", ""seasonal"": ""add"", ""damped_trend"": true}",176.1457497417838,48.5550408298927,196.0262699945783,1.3370490649831481,0.08405099701485597,,,,,,,1.421100061998004
4556,lstm,"{""seq_len"": 72, ""epochs"": 10, ""batch_size"": 64, ""lr"": 0.001, ""hidden"": 64, ""layers"": 2, ""early_stopping"": true, ""patience"": 3, ""holdout_intervals"": 144, ""min_delta"": 1e-05}",32.044133111246055,7.925659922179286,40.965325726735124,23.868312783015426,1.0674206189869437,0.0020586006130728566,8.0,5.0,True,0.0007047603527704874,0.02085860363311238,24.93573340200237
4556,tcn,"{""seq_len"": 144, ""epochs"": 10, ""batch_size"": 64, ""lr"": 0.001, ""channels"": 32, ""early_stopping"": true, ""patience"": 3, ""holdout_intervals"": 144, ""min_delta"": 1e-05}",28.117668333010453,6.503716986112735,37.66359637321072,7.187375550012803,0.5434222160256468,0.0019171525155357325,7.0,4.0,True,0.0005467314622364938,0.019570564437243674,7.7307977660384495
