timestamp,actual,predicted,residual,abs_error
2013-12-16 00:00:00+00:00,235.49147,210.97010105633944,24.521369280574618,24.521369280574618
2013-12-16 00:10:00+00:00,268.69864,179.07678876327827,89.62185015273735,89.62185015273735
2013-12-16 00:20:00+00:00,251.87128,168.6047713647597,83.26650549070905,83.26650549070905
2013-12-16 00:30:00+00:00,218.3787,152.97736434151102,65.4013282854421,65.4013282854421
2013-12-16 00:40:00+00:00,231.68237,144.6891166189189,86.99325642795611,86.99325642795611
2013-12-16 00:50:00+00:00,209.62328,149.28084950827179,60.34242624856415,60.34242624856415
2013-12-16 01:00:00+00:00,209.11623,138.50771205855222,70.60851413773685,70.60851413773685
2013-12-16 01:10:00+00:00,234.8263,113.93720799736457,120.88908594794793,120.88908594794793
2013-12-16 01:20:00+00:00,214.24179,131.2333802727178,83.00841049876658,83.00841049876658
2013-12-16 01:30:00+00:00,205.266,125.13736867898615,80.12863779074041,80.12863779074041
2013-12-16 01:40:00+00:00,218.90169,112.68606493151037,106.21562269055994,106.21562269055994
2013-12-16 01:50:00+00:00,192.5203,108.24730366950507,84.27299051994805,84.27299051994805
2013-12-16 02:00:00+00:00,199.50375,115.77262913333811,83.73112452877126,83.73112452877126
2013-12-16 02:10:00+00:00,205.08748,104.93748193433225,100.14999670336306,100.14999670336306
2013-12-16 02:20:00+00:00,198.84015,114.97305084341406,83.86709808236719,83.86709808236719
2013-12-16 02:30:00+00:00,198.9604,122.96525661282931,75.9951468295535,75.9951468295535
2013-12-16 02:40:00+00:00,209.12245,109.12644287842659,99.99600890379998,99.99600890379998
2013-12-16 02:50:00+00:00,184.26079,124.51856175320154,59.74222621066565,59.74222621066565
2013-12-16 03:00:00+00:00,201.11852,132.85973498908106,68.25878002556738,68.25878002556738
2013-12-16 03:10:00+00:00,206.08856,112.81726443784487,93.27129757387388,93.27129757387388
2013-12-16 03:20:00+00:00,183.43298,126.94762171333423,56.48536168510327,56.48536168510327
2013-12-16 03:30:00+00:00,199.31291,129.2014069318177,70.11150505548699,70.11150505548699
2013-12-16 03:40:00+00:00,200.51,121.74950128288447,78.76049322395147,78.76049322395147
2013-12-16 03:50:00+00:00,179.14722,131.0210817363402,48.12613506053481,48.12613506053481
2013-12-16 04:00:00+00:00,210.14604,133.1113163592306,77.03472551088657,77.03472551088657
2013-12-16 04:10:00+00:00,205.14217,135.44535456198514,69.69681157571017,69.69681157571017
2013-12-16 04:20:00+00:00,186.78494,133.55633397769543,53.228608649257694,53.228608649257694
2013-12-16 04:30:00+00:00,202.23596,148.27342638901496,53.96253552504754,53.96253552504754
2013-12-16 04:40:00+00:00,209.58192,137.74361209318158,71.83831234529498,71.83831234529498
2013-12-16 04:50:00+00:00,187.60782,146.76977912390635,40.83803947960928,40.83803947960928
2013-12-16 05:00:00+00:00,199.0466,147.85624784236302,51.19035249943386,51.19035249943386
2013-12-16 05:10:00+00:00,207.05444,139.4401930081042,67.61425035127081,67.61425035127081
2013-12-16 05:20:00+00:00,190.38158,150.95106956641757,39.430506971668365,39.430506971668365
2013-12-16 05:30:00+00:00,223.35217,153.50027424335167,69.85189860821083,69.85189860821083
2013-12-16 05:40:00+00:00,245.71477,163.74488026654694,81.96988718950774,81.96988718950774
2013-12-16 05:50:00+00:00,222.85623,174.09671070895934,48.75952098049379,48.75952098049379
2013-12-16 06:00:00+00:00,260.9243,194.17759557746717,66.7466903112047,66.7466903112047
2013-12-16 06:10:00+00:00,247.20168,198.9696039838509,48.23207143118816,48.23207143118816
2013-12-16 06:20:00+00:00,266.17123,220.68773870486848,45.483495425990895,45.483495425990895
2013-12-16 06:30:00+00:00,276.30634,231.55599428599226,44.750341163226494,44.750341163226494
2013-12-16 06:40:00+00:00,298.92874,238.4278414525504,60.500900002527715,60.500900002527715
2013-12-16 06:50:00+00:00,312.38992,265.1752595851474,47.21466351055574,47.21466351055574
2013-12-16 07:00:00+00:00,394.8872,306.20996493011285,88.67724210113715,88.67724210113715
2013-12-16 07:10:00+00:00,431.52094,331.20567188860537,100.31526316998838,100.31526316998838
2013-12-16 07:20:00+00:00,415.40268,375.42188781815685,39.98079162520253,39.98079162520253
2013-12-16 07:30:00+00:00,571.2595,456.037861781497,115.22165970287801,115.22165970287801
2013-12-16 07:40:00+00:00,687.50073,481.9309235273786,205.56980889449642,205.56980889449642
2013-12-16 07:50:00+00:00,701.3597,574.7526352807987,126.60704489498255,126.60704489498255
2013-12-16 08:00:00+00:00,786.64954,656.520920119251,130.12861601356155,130.12861601356155
2013-12-16 08:10:00+00:00,864.5314,694.4745400972008,170.05683197311168,170.05683197311168
2013-12-16 08:20:00+00:00,827.68695,770.8184656158273,56.868485067766414,56.868485067766414
2013-12-16 08:30:00+00:00,943.07324,802.1684707569731,140.90477143052692,140.90477143052692
2013-12-16 08:40:00+00:00,941.92224,887.0445443192967,54.87769689164077,54.87769689164077
2013-12-16 08:50:00+00:00,958.76276,947.0636805442224,11.699075803433857,11.699075803433857
2013-12-16 09:00:00+00:00,1005.6821,1026.7785055161894,-21.096376609939398,21.096376609939398
2013-12-16 09:10:00+00:00,947.1947,1121.0389433503506,-173.84424120191306,173.84424120191306
2013-12-16 09:20:00+00:00,1039.7557,1257.3516916639078,-217.5959543592203,217.5959543592203
2013-12-16 09:30:00+00:00,1177.9469,1372.115306719841,-194.1684073057786,194.1684073057786
2013-12-16 09:40:00+00:00,1378.1199,1476.228130186075,-98.10825713920008,98.10825713920008
2013-12-16 09:50:00+00:00,1307.9144,1602.2156393438004,-294.3012106328629,294.3012106328629
2013-12-16 10:00:00+00:00,1375.5153,1751.9877062725914,-376.47244748352887,376.47244748352887
2013-12-16 10:10:00+00:00,1535.1359,1860.5985140501716,-325.4626497923591,325.4626497923591
2013-12-16 10:20:00+00:00,1544.4213,1986.476646793874,-442.0553821454364,442.0553821454364
2013-12-16 10:30:00+00:00,1844.8209,2111.295011428462,-266.4740885768997,266.4740885768997
2013-12-16 10:40:00+00:00,1830.6473,2259.212585243471,-428.56524637628354,428.56524637628354
2013-12-16 10:50:00+00:00,1691.1368,2362.0919867823977,-670.9551459620852,670.9551459620852
2013-12-16 11:00:00+00:00,1946.1914,2450.1813080480365,-503.9899017980365,503.9899017980365
2013-12-16 11:10:00+00:00,2060.5286,2504.708341717276,-444.1797772641512,444.1797772641512
2013-12-16 11:20:00+00:00,1895.3395,2557.994986564773,-662.6555090257107,662.6555090257107
2013-12-16 11:30:00+00:00,2091.259,2711.3208544454737,-620.0618212423487,620.0618212423487
2013-12-16 11:40:00+00:00,2280.4353,2808.5687687699055,-528.1334660355305,528.1334660355305
2013-12-16 11:50:00+00:00,2099.2383,2932.646909531292,-833.4086282812918,833.4086282812918
2013-12-16 12:00:00+00:00,2325.8647,3021.3043123209973,-695.4395662272473,695.4395662272473
2013-12-16 12:10:00+00:00,2471.348,3212.82555418639,-741.477653795765,741.477653795765
2013-12-16 12:20:00+00:00,2571.2173,3311.673903185413,-740.4566180291631,740.4566180291631
2013-12-16 12:30:00+00:00,2942.4302,3415.8460002563224,-473.41582447507244,473.41582447507244
2013-12-16 12:40:00+00:00,3023.58,3476.291944385068,-452.71186626006784,452.71186626006784
2013-12-16 12:50:00+00:00,2895.7595,3627.0739060239107,-731.3143845395357,731.3143845395357
2013-12-16 13:00:00+00:00,2836.3562,3615.669613493379,-779.3134123215041,779.3134123215041
2013-12-16 13:10:00+00:00,2747.2305,3611.7656139837636,-864.5351452337636,864.5351452337636
2013-12-16 13:20:00+00:00,2741.3528,3665.8280428746043,-924.4752596714793,924.4752596714793
2013-12-16 13:30:00+00:00,2625.236,3657.107161384635,-1031.8710774002602,1031.8710774002602
2013-12-16 13:40:00+00:00,2439.542,3608.507777655659,-1168.965785468159,1168.965785468159
2013-12-16 13:50:00+00:00,2330.185,3630.449290643619,-1300.264232049869,1300.264232049869
2013-12-16 14:00:00+00:00,2250.5398,3711.4971476662613,-1460.9573527443863,1460.9573527443863
2013-12-16 14:10:00+00:00,2452.4565,3629.272699216338,-1176.816156247588,1176.816156247588
2013-12-16 14:20:00+00:00,2287.469,3730.817814766706,-1443.3488206260809,1443.3488206260809
2013-12-16 14:30:00+00:00,2598.777,3810.2446768152467,-1211.4675772058717,1211.4675772058717
2013-12-16 14:40:00+00:00,2495.076,3828.179087774977,-1333.1031600406018,1333.1031600406018
2013-12-16 14:50:00+00:00,2404.919,3832.950492549251,-1428.031547236751,1428.031547236751
2013-12-16 15:00:00+00:00,2756.0447,3826.124969052667,-1070.080291318292,1070.080291318292
2013-12-16 15:10:00+00:00,2666.046,3945.5780298255563,-1279.5321313880563,1279.5321313880563
2013-12-16 15:20:00+00:00,2563.4814,3895.363766786648,-1331.8823214741478,1331.8823214741478
2013-12-16 15:30:00+00:00,2755.2732,3941.419045086465,-1186.1458517270898,1186.1458517270898
2013-12-16 15:40:00+00:00,2573.3616,3887.7211824776596,-1314.3596102120346,1314.3596102120346
2013-12-16 15:50:00+00:00,2606.2488,3902.633849550134,-1296.385070253259,1296.385070253259
2013-12-16 16:00:00+00:00,2502.158,3992.611538471202,-1490.453579486827,1490.453579486827
2013-12-16 16:10:00+00:00,2652.3306,3958.8094366430423,-1306.4788702367923,1306.4788702367923
2013-12-16 16:20:00+00:00,2498.977,3785.616675516392,-1286.6396247351422,1286.6396247351422
2013-12-16 16:30:00+00:00,2375.4404,3760.476498403592,-1385.036068716092,1385.036068716092
2013-12-16 16:40:00+00:00,2540.6296,3734.149070819799,-1193.519432147924,1193.519432147924
2013-12-16 16:50:00+00:00,2666.7793,3700.499591019332,-1033.720294144332,1033.720294144332
2013-12-16 17:00:00+00:00,2360.8943,3702.055542977243,-1341.161255867868,1341.161255867868
2013-12-16 17:10:00+00:00,2345.5107,3510.5032218697706,-1164.9924796822706,1164.9924796822706
2013-12-16 17:20:00+00:00,2407.0632,3481.6311158922144,-1074.5678834703394,1074.5678834703394
2013-12-16 17:30:00+00:00,2401.0508,3394.9575581069917,-993.9067768569917,993.9067768569917
2013-12-16 17:40:00+00:00,2309.8516,3276.645641260641,-966.7940787606408,966.7940787606408
2013-12-16 17:50:00+00:00,2173.9434,3145.853669956812,-971.9103105818122,971.9103105818122
2013-12-16 18:00:00+00:00,2108.693,3056.496962974208,-947.8038477398331,947.8038477398331
2013-12-16 18:10:00+00:00,2094.2903,2941.1239582047147,-846.8336750015897,846.8336750015897
2013-12-16 18:20:00+00:00,1914.7974,2813.4402721271804,-898.6429088459304,898.6429088459304
2013-12-16 18:30:00+00:00,1835.4617,2639.998408757926,-804.536738836051,804.536738836051
2013-12-16 18:40:00+00:00,1703.633,2541.7757075770896,-838.1426509364646,838.1426509364646
2013-12-16 18:50:00+00:00,1701.6582,2354.2756150644714,-652.6174119394714,652.6174119394714
2013-12-16 19:00:00+00:00,1470.9401,2161.8678272190336,-690.9277637424711,690.9277637424711
2013-12-16 19:10:00+00:00,1363.0977,1963.37325926347,-600.2756030134699,600.2756030134699
2013-12-16 19:20:00+00:00,1298.9758,1859.836272403364,-560.8604423252391,560.8604423252391
2013-12-16 19:30:00+00:00,1156.0065,1628.207044812104,-472.20057508554146,472.20057508554146
2013-12-16 19:40:00+00:00,1073.9761,1484.0966836678056,-410.12060944905556,410.12060944905556
2013-12-16 19:50:00+00:00,1028.4086,1429.3279380251026,-400.91936868916514,400.91936868916514
2013-12-16 20:00:00+00:00,956.55963,1270.019622320006,-313.4599909723497,313.4599909723497
2013-12-16 20:10:00+00:00,784.12286,1157.4659418813883,-373.34307811185704,373.34307811185704
2013-12-16 20:20:00+00:00,883.4198,1188.019044545959,-304.5992447412716,304.5992447412716
2013-12-16 20:30:00+00:00,768.9913,1160.3693542453168,-391.37808227266055,391.37808227266055
2013-12-16 20:40:00+00:00,787.5692,1096.9878653947524,-309.41865152756486,309.41865152756486
2013-12-16 20:50:00+00:00,758.16797,1049.0708665342572,-290.9028977842572,290.9028977842572
2013-12-16 21:00:00+00:00,688.5382,1048.9960815025197,-360.4578734947072,360.4578734947072
2013-12-16 21:10:00+00:00,611.9702,970.0859139632472,-358.1156991194972,358.1156991194972
2013-12-16 21:20:00+00:00,636.976,852.1555054688034,-215.17949228520968,215.17949228520968
2013-12-16 21:30:00+00:00,682.1845,776.1684826748216,-93.98397339747783,93.98397339747783
2013-12-16 21:40:00+00:00,578.6385,715.0830374833466,-136.44454871381538,136.44454871381538
2013-12-16 21:50:00+00:00,852.71454,646.8767065190513,205.8378320551675,205.8378320551675
2013-12-16 22:00:00+00:00,630.8096,612.046904834511,18.762665477989003,18.762665477989003
2013-12-16 22:10:00+00:00,538.05273,555.0489391463674,-16.99620477136739,16.99620477136739
2013-12-16 22:20:00+00:00,587.2309,553.9611251292854,33.26977086680836,33.26977086680836
2013-12-16 22:30:00+00:00,603.66534,522.1830377076926,81.48230653058863,81.48230653058863
2013-12-16 22:40:00+00:00,327.00476,460.90600803128245,-133.90124728909495,133.90124728909495
2013-12-16 22:50:00+00:00,384.31406,436.4601967575918,-52.14614036110743,52.14614036110743
2013-12-16 23:00:00+00:00,409.86545,404.6210844374584,5.244363560588454,5.244363560588454
2013-12-16 23:10:00+00:00,307.8208,373.56439362478864,-65.74359284353864,65.74359284353864
2013-12-16 23:20:00+00:00,442.71735,358.2458616612171,84.47148453018917,84.47148453018917
2013-12-16 23:30:00+00:00,341.54794,345.87704631940346,-4.329103204169087,4.329103204169087
2013-12-16 23:40:00+00:00,313.49332,296.7194230387274,16.773893611663198,16.773893611663198
2013-12-16 23:50:00+00:00,304.57843,260.713847363058,43.864582812723256,43.864582812723256
2013-12-17 00:00:00+00:00,286.54626,227.9973792174676,58.548885430969904,58.548885430969904
2013-12-17 00:10:00+00:00,232.73166,193.75740782098705,38.97425111455982,38.97425111455982
2013-12-17 00:20:00+00:00,268.57346,181.26214231260565,87.31131349794123,87.31131349794123
2013-12-17 00:30:00+00:00,226.39561,163.89032643674727,62.505288187276165,62.505288187276165
2013-12-17 00:40:00+00:00,187.17807,154.09808015350882,33.07998991485056,33.07998991485056
2013-12-17 00:50:00+00:00,222.82454,157.3930919977688,65.4314471868015,65.4314471868015
2013-12-17 01:00:00+00:00,234.36075,145.5019445227838,88.85880376823184,88.85880376823184
2013-12-17 01:10:00+00:00,216.70508,119.96751192714055,96.73756619785945,96.73756619785945
2013-12-17 01:20:00+00:00,229.82294,136.43260201312182,93.39033499859693,93.39033499859693
2013-12-17 01:30:00+00:00,209.51703,129.6200460068094,79.89698280178436,79.89698280178436
2013-12-17 01:40:00+00:00,183.1384,116.55095029872291,66.58744691807397,66.58744691807397
2013-12-17 01:50:00+00:00,202.82635,111.5795396992944,91.24681528117435,91.24681528117435
2013-12-17 02:00:00+00:00,204.51138,118.64562429444322,85.8657587621974,85.8657587621974
2013-12-17 02:10:00+00:00,173.6049,107.41452771438594,66.19037646041875,66.19037646041875
2013-12-17 02:20:00+00:00,195.62657,117.10871604729186,78.51785560798157,78.51785560798157
2013-12-17 02:30:00+00:00,199.53911,124.80658950210545,74.73251877426173,74.73251877426173
2013-12-17 02:40:00+00:00,188.96452,110.7140076348187,78.25051568061099,78.25051568061099
2013-12-17 02:50:00+00:00,206.67401,125.88733209908332,80.78667913138543,80.78667913138543
2013-12-17 03:00:00+00:00,213.5412,134.03986465133403,79.50133407913472,79.50133407913472
2013-12-17 03:10:00+00:00,164.3832,113.83475142820794,50.548442541518625,50.548442541518625
2013-12-17 03:20:00+00:00,205.71875,127.82488105921084,77.89386894078916,77.89386894078916
2013-12-17 03:30:00+00:00,189.8338,129.9577644746828,59.87603679484846,59.87603679484846
2013-12-17 03:40:00+00:00,165.30069,122.40161942256327,42.89907027470235,42.89907027470235
2013-12-17 03:50:00+00:00,211.25015,131.58332650022157,79.66682608766905,79.66682608766905
2013-12-17 04:00:00+00:00,207.73288,133.59607388287145,74.13680575580042,74.13680575580042
2013-12-17 04:10:00+00:00,186.83727,135.86330395310847,50.97396106153997,50.97396106153997
2013-12-17 04:20:00+00:00,212.57007,133.91668257471838,78.65338578465662,78.65338578465662
2013-12-17 04:30:00+00:00,199.12,148.58411259680543,50.535882520382074,50.535882520382074
2013-12-17 04:40:00+00:00,189.59637,138.01148026447072,51.58489424724803,51.58489424724803
2013-12-17 04:50:00+00:00,206.41568,147.00073033896092,59.414949592679704,59.414949592679704
2013-12-17 05:00:00+00:00,199.14429,148.05536990855853,51.08891720081647,51.08891720081647
2013-12-17 05:10:00+00:00,175.2233,139.61187254326774,35.61142457587289,35.61142457587289
2013-12-17 05:20:00+00:00,211.22444,151.09908863510782,60.125352893212494,60.125352893212494
2013-12-17 05:30:00+00:00,229.97119,153.62789367495748,76.34329773129252,76.34329773129252
2013-12-17 05:40:00+00:00,222.11739,163.85491149068253,58.26247437357529,58.26247437357529
2013-12-17 05:50:00+00:00,266.7799,174.19157769067533,92.58832953588717,92.58832953588717
2013-12-17 06:00:00+00:00,266.16776,194.25938821669888,71.90836691025424,71.90836691025424
2013-12-17 06:10:00+00:00,263.92703,199.0401241554789,64.88690831522422,64.88690831522422
2013-12-17 06:20:00+00:00,294.2686,220.7485399536506,73.52004525142752,73.52004525142752
2013-12-17 06:30:00+00:00,338.5156,231.60841605083078,106.90717843159109,106.90717843159109
2013-12-17 06:40:00+00:00,300.83545,238.47303857405427,62.36241064469573,62.36241064469573
2013-12-17 06:50:00+00:00,334.5959,265.2142277465307,69.38165848393805,69.38165848393805
2013-12-17 07:00:00+00:00,372.89465,306.2435625918904,66.6510907284221,66.6510907284221
2013-12-17 07:10:00+00:00,395.45795,331.23463920029894,64.2233075770448,64.2233075770448
2013-12-17 07:20:00+00:00,485.66306,375.446862923636,110.21619249628588,110.21619249628588
2013-12-17 07:30:00+00:00,532.4593,456.0593948771566,76.39989467362466,76.39989467362466
2013-12-17 07:40:00+00:00,655.99774,481.94948898285065,174.0482527163681,174.0482527163681
2013-12-17 07:50:00+00:00,615.7344,574.7686420892175,40.96573291078255,40.96573291078255
2013-12-17 08:00:00+00:00,815.67236,656.5347209072867,159.13764237396333,159.13764237396333
2013-12-17 08:10:00+00:00,860.3313,694.486438893352,165.844859934773,165.844859934773
2013-12-17 08:20:00+00:00,898.1625,770.8287245481058,127.33375103783169,127.33375103783169
2013-12-17 08:30:00+00:00,989.781,802.1773158275295,187.60369003184553,187.60369003184553
2013-12-17 08:40:00+00:00,1054.819,887.0521703832013,167.76679934336119,167.76679934336119
2013-12-17 08:50:00+00:00,1021.7022,947.0702556020814,74.63195387057488,74.63195387057488
2013-12-17 09:00:00+00:00,1202.5074,1026.7841744151642,175.72327187389828,175.72327187389828
2013-12-17 09:10:00+00:00,1175.4949,1121.04383097511,54.45104207176496,54.45104207176496
2013-12-17 09:20:00+00:00,1208.6598,1257.3559056878116,-48.69611564874913,48.69611564874913
2013-12-17 09:30:00+00:00,1515.6708,1372.1189399769623,143.55183639022516,143.55183639022516
2013-12-17 09:40:00+00:00,1457.8253,1476.2312627163144,-18.405945333501904,18.405945333501904
2013-12-17 09:50:00+00:00,1643.7094,1602.2183401561497,41.49101042978782,41.49101042978782
2013-12-17 10:00:00+00:00,1801.7722,1751.9900348653864,49.782181931488594,49.782181931488594
2013-12-17 10:10:00+00:00,1685.9156,1860.600521721829,-174.68487230776645,174.68487230776645
2013-12-17 10:20:00+00:00,1870.2853,1986.4783777729838,-116.19309945267128,116.19309945267128
2013-12-17 10:30:00+00:00,2009.8278,2111.296503848135,-101.46874505907272,101.46874505907272
2013-12-17 10:40:00+00:00,2115.1672,2259.213871981404,-144.04663565327883,144.04663565327883
2013-12-17 10:50:00+00:00,2189.1792,2362.0930961851595,-172.91389696640954,172.91389696640954
2013-12-17 11:00:00+00:00,2373.074,2450.18226455554,-77.10828994616486,77.10828994616486
2013-12-17 11:10:00+00:00,2419.5913,2504.709166401183,-85.11785780743321,85.11785780743321
2013-12-17 11:20:00+00:00,2399.6025,2557.9956975927,-158.3931585301998,158.3931585301998
2013-12-17 11:30:00+00:00,2747.8428,2711.321467481217,36.52130595628296,36.52130595628296
2013-12-17 11:40:00+00:00,2722.4502,2808.569297318516,-86.11910200601596,86.11910200601596
2013-12-17 11:50:00+00:00,2746.525,2932.6473652365867,-186.12246289283667,186.12246289283667
2013-12-17 12:00:00+00:00,3049.981,3021.304705222069,28.67625180918094,28.67625180918094
2013-12-17 12:10:00+00:00,3267.6575,3212.8258929387675,54.83157776435746,54.83157776435746
2013-12-17 12:20:00+00:00,3414.502,3311.674195251741,102.82775787325909,102.82775787325909
2013-12-17 12:30:00+00:00,3345.729,3415.8462520707612,-70.11724816451124,70.11724816451124
2013-12-17 12:40:00+00:00,3298.1472,3476.2921614950383,-178.14494469816327,178.14494469816327
2013-12-17 12:50:00+00:00,3465.8806,3627.0740932122994,-161.19347797792443,161.19347797792443
2013-12-17 13:00:00+00:00,3780.8477,3615.669774883908,165.17788136609215,165.17788136609215
2013-12-17 13:10:00+00:00,3528.1333,3611.7657531318323,-83.6324523505823,83.6324523505823
2013-12-17 13:20:00+00:00,3180.5173,3665.828162845616,-485.31082886124113,485.31082886124113
2013-12-17 13:30:00+00:00,3207.713,3657.1072648215268,-449.39437419652677,449.39437419652677
2013-12-17 13:40:00+00:00,3084.0999,3608.5078668371234,-524.4080133214984,524.4080133214984
2013-12-17 13:50:00+00:00,3100.2834,3630.4493675343056,-530.1659202686806,530.1659202686806
2013-12-17 14:00:00+00:00,2912.166,3711.4972139600554,-799.3311983350554,799.3311983350554
2013-12-17 14:10:00+00:00,2747.7437,3629.272756373679,-881.5291040299289,881.5291040299289
2013-12-17 14:20:00+00:00,3064.2073,3730.8178640467577,-666.6105886561327,666.6105886561327
2013-12-17 14:30:00+00:00,3493.0767,3810.2447193036387,-317.1680591473887,317.1680591473887
2013-12-17 14:40:00+00:00,3494.2937,3828.1791244077194,-333.8854232358444,333.8854232358444
2013-12-17 14:50:00+00:00,3327.0898,3832.9505241333554,-505.86068038335543,505.86068038335543
2013-12-17 15:00:00+00:00,3834.564,3826.1249962839256,8.438968559824389,8.438968559824389
2013-12-17 15:10:00+00:00,3711.8735,3945.578053303867,-233.7045181476169,233.7045181476169
2013-12-17 15:20:00+00:00,3805.8042,3895.363787029233,-89.55958781048321,89.55958781048321
2013-12-17 15:30:00+00:00,3740.7454,3941.4190625392657,-200.67370121114072,200.67370121114072
2013-12-17 15:40:00+00:00,3454.3293,3887.7211975251566,-433.39185182203164,433.39185182203164
2013-12-17 15:50:00+00:00,3726.8906,3902.6338625238204,-175.74323752382043,175.74323752382043
2013-12-17 16:00:00+00:00,3713.549,3992.6115496568864,-279.0624773912614,279.0624773912614
2013-12-17 16:10:00+00:00,3620.4912,3958.8094462871413,-338.3182353496413,338.3182353496413
2013-12-17 16:20:00+00:00,3765.242,3785.6166838313648,-20.374740471989753,20.374740471989753
2013-12-17 16:30:00+00:00,3523.9236,3760.4765055726148,-236.55292158823977,236.55292158823977
2013-12-17 16:40:00+00:00,3190.9402,3734.149077000804,-543.208891453929,543.208891453929
2013-12-17 16:50:00+00:00,3253.6038,3700.499596348486,-446.8958365828612,446.8958365828612
2013-12-17 17:00:00+00:00,3166.898,3702.0555475719457,-535.1575983531957,535.1575983531957
2013-12-17 17:10:00+00:00,3199.8074,3510.503225831242,-310.69585278436716,310.69585278436716
2013-12-17 17:20:00+00:00,2832.1292,3481.6311193077254,-649.5019689171004,649.5019689171004
2013-12-17 17:30:00+00:00,3017.7444,3394.957561051785,-377.21317628616,377.21317628616
2013-12-17 17:40:00+00:00,2809.2683,3276.6456437995894,-467.3773332527144,467.3773332527144
2013-12-17 17:50:00+00:00,2859.93,3145.853672145849,-285.92374050522403,285.92374050522403
2013-12-17 18:00:00+00:00,2789.0835,3056.4969648615574,-267.41346876780744,267.41346876780744
2013-12-17 18:10:00+00:00,2903.6606,2941.1239598319535,-37.46331530070347,37.46331530070347
2013-12-17 18:20:00+00:00,2713.2402,2813.4402735301574,-100.20003915515736,100.20003915515736
2013-12-17 18:30:00+00:00,2432.708,2639.998409967548,-207.290402155048,207.290402155048
2013-12-17 18:40:00+00:00,2396.0508,2541.775708620004,-145.72492737000402,145.72492737000402
2013-12-17 18:50:00+00:00,2225.3157,2354.2756159636538,-128.95994213552876,128.95994213552876
2013-12-17 19:00:00+00:00,2031.5812,2161.867827994293,-130.28665123648034,130.28665123648034
2013-12-17 19:10:00+00:00,1764.9193,1963.373259931885,-198.45394840844756,198.45394840844756
2013-12-17 19:20:00+00:00,1662.4011,1859.8362729796597,-197.43514993278473,197.43514993278473
2013-12-17 19:30:00+00:00,1458.6534,1628.207045308976,-169.55360292616342,169.55360292616342
2013-12-17 19:40:00+00:00,1410.5338,1484.0966840961999,-73.56287061963735,73.56287061963735
2013-12-17 19:50:00+00:00,1176.6086,1429.3279383944566,-252.71929581633162,252.71929581633162
2013-12-17 20:00:00+00:00,1152.2928,1270.0196226384564,-117.72677595876894,117.72677595876894
2013-12-17 20:10:00+00:00,1039.3348,1157.4659421559506,-118.13110328876314,118.13110328876314
2013-12-17 20:20:00+00:00,1051.7737,1188.019044782682,-136.24536314205693,136.24536314205693
2013-12-17 20:30:00+00:00,1088.3873,1160.3693544494151,-71.98202534785264,71.98202534785264
2013-12-17 20:40:00+00:00,1146.5728,1096.9878655707223,49.584888335527694,49.584888335527694
2013-12-17 20:50:00+00:00,841.30225,1049.0708666859755,-207.7686205922255,207.7686205922255
2013-12-17 21:00:00+00:00,738.08124,1048.9960816333282,-310.9148438403595,310.9148438403595
2013-12-17 21:10:00+00:00,636.0987,970.0859140760282,-333.98722022837194,333.98722022837194
2013-12-17 21:20:00+00:00,541.04333,852.1555055660414,-311.11217060510387,311.11217060510387
2013-12-17 21:30:00+00:00,626.14545,776.1684827586583,-150.0230359813146,150.0230359813146
2013-12-17 21:40:00+00:00,580.50616,715.0830375556292,-134.57687300484793,134.57687300484793
2013-12-17 21:50:00+00:00,526.955,646.8767065813721,-119.92168949152835,119.92168949152835
2013-12-17 22:00:00+00:00,533.2279,612.0469048882428,-78.8189996148053,78.8189996148053
2013-12-17 22:10:00+00:00,437.81665,555.0489391926941,-117.23228880206909,117.23228880206909
2013-12-17 22:20:00+00:00,423.39804,553.9611251692274,-130.56308439774307,130.56308439774307
2013-12-17 22:30:00+00:00,450.788,522.18303774213,-71.39504335736433,71.39504335736433
2013-12-17 22:40:00+00:00,357.0879,460.9060080609738,-103.81811743597382,103.81811743597382
2013-12-17 22:50:00+00:00,366.4926,436.4601967831911,-69.96758203709737,69.96758203709737
2013-12-17 23:00:00+00:00,434.30185,404.6210844595298,29.680764905704564,29.680764905704564
2013-12-17 23:10:00+00:00,406.03406,373.5643936438182,32.46966397336928,32.46966397336928
2013-12-17 23:20:00+00:00,313.59714,358.2458616776239,-44.64872422645203,44.64872422645203
2013-12-17 23:30:00+00:00,311.43704,345.8770463335493,-34.44000409722116,34.44000409722116
2013-12-17 23:40:00+00:00,267.32642,296.71942305092375,-29.39300703529875,29.39300703529875
2013-12-17 23:50:00+00:00,268.77533,260.71384737357334,8.061482216270406,8.061482216270406
2013-12-18 00:00:00+00:00,302.50226,227.9973792265339,74.50487907424736,74.50487907424736
2013-12-18 00:10:00+00:00,274.30634,193.7574078288037,80.54892762041504,80.54892762041504
2013-12-18 00:20:00+00:00,234.08194,181.26214231934523,52.819797377920395,52.819797377920395
2013-12-18 00:30:00+00:00,257.3639,163.89032644255803,93.47356515900447,93.47356515900447
2013-12-18 00:40:00+00:00,235.94992,154.09808015851877,81.8518404957781,81.8518404957781
2013-12-18 00:50:00+00:00,214.01556,157.39309200208822,56.622471962755526,56.622471962755526
2013-12-18 01:00:00+00:00,240.82617,145.50194452650794,95.32422734849206,95.32422734849206
2013-12-18 01:10:00+00:00,221.19447,119.96751193035152,101.22696133625004,101.22696133625004
2013-12-18 01:20:00+00:00,390.00836,136.43260201589032,253.57575980051593,253.57575980051593
2013-12-18 01:30:00+00:00,384.91235,129.62004600919636,255.29230750642864,255.29230750642864
2013-12-18 01:40:00+00:00,443.64645,116.55095030078087,327.095503556641,327.095503556641
2013-12-18 01:50:00+00:00,421.38022,111.57953970106882,309.80067880479055,309.80067880479055
2013-12-18 02:00:00+00:00,514.8599,118.645624295973,396.21430002043326,396.21430002043326
2013-12-18 02:10:00+00:00,243.27391,107.41452771570493,135.859382806756,135.859382806756
2013-12-18 02:20:00+00:00,216.10474,117.10871604842919,98.99602027969581,98.99602027969581
2013-12-18 02:30:00+00:00,226.1257,124.80658950308589,101.31911240121099,101.31911240121099
2013-12-18 02:40:00+00:00,232.0702,110.71400763566407,121.35619805281249,121.35619805281249
2013-12-18 02:50:00+00:00,208.05132,125.88733209981228,82.1639832078049,82.1639832078049
2013-12-18 03:00:00+00:00,224.99248,134.0398646519625,90.9526127650297,90.9526127650297
2013-12-18 03:10:00+00:00,227.49309,113.83475142874977,113.65833633980492,113.65833633980492
2013-12-18 03:20:00+00:00,215.54005,127.82488105967809,87.71517326161097,87.71517326161097
2013-12-18 03:30:00+00:00,227.6982,129.9577644750857,97.74043193604712,97.74043193604712
2013-12-18 03:40:00+00:00,220.47864,122.40161942291047,98.07701827240203,98.07701827240203
2013-12-18 03:50:00+00:00,219.93323,131.58332650052103,88.34990103854147,88.34990103854147
2013-12-18 04:00:00+00:00,234.73697,133.59607388312975,101.14089511101088,101.14089511101088
2013-12-18 04:10:00+00:00,256.21884,135.86330395333107,120.3555375994033,120.3555375994033
2013-12-18 04:20:00+00:00,246.57524,133.91668257491028,112.6585585139569,112.6585585139569
2013-12-18 04:30:00+00:00,248.08817,148.58411259697095,99.50405268623217,99.50405268623217
2013-12-18 04:40:00+00:00,255.80054,138.0114802646135,117.78905684476149,117.78905684476149
2013-12-18 04:50:00+00:00,240.23685,147.00073033908393,93.2361165847442,93.2361165847442
2013-12-18 05:00:00+00:00,262.6799,148.05536990866472,114.62453121438216,114.62453121438216
2013-12-18 05:10:00+00:00,226.65466,139.61187254335914,87.04279054257836,87.04279054257836
2013-12-18 05:20:00+00:00,237.54834,151.09908863518672,86.44925120856328,86.44925120856328
2013-12-18 05:30:00+00:00,320.56534,153.62789367502546,166.93744445974016,166.93744445974016
2013-12-18 05:40:00+00:00,237.57973,163.8549114907412,73.72481568211037,73.72481568211037
2013-12-18 05:50:00+00:00,259.99026,174.19157769072604,85.79868720185209,85.79868720185209
2013-12-18 06:00:00+00:00,350.64786,194.25938821674254,156.3884694492731,156.3884694492731
2013-12-18 06:10:00+00:00,395.68594,199.04012415551665,196.64581944799897,196.64581944799897
2013-12-18 06:20:00+00:00,404.39853,220.74853995368312,183.64998909905125,183.64998909905125
2013-12-18 06:30:00+00:00,444.34842,231.60841605085875,212.74000313859437,212.74000313859437
2013-12-18 06:40:00+00:00,383.63364,238.47303857407837,145.160597900531,145.160597900531
2013-12-18 06:50:00+00:00,395.6682,265.2142277465516,130.45398514407339,130.45398514407339
2013-12-18 07:00:00+00:00,412.64334,306.24356259190836,106.39977847254477,106.39977847254477
2013-12-18 07:10:00+00:00,640.93005,331.2346392003144,309.6954145106231,309.6954145106231
2013-12-18 07:20:00+00:00,534.05927,375.4468629236494,158.61240221306934,158.61240221306934
2013-12-18 07:30:00+00:00,616.77515,456.0593948771682,160.7157516072068,160.7157516072068
2013-12-18 07:40:00+00:00,645.0738,481.94948898286066,163.1243025210456,163.1243025210456
2013-12-18 07:50:00+00:00,727.21265,574.7686420892261,152.4440043951489,152.4440043951489
2013-12-18 08:00:00+00:00,844.1665,656.5347209072942,187.63178299895583,187.63178299895583
2013-12-18 08:10:00+00:00,895.27094,694.4864388933584,200.7844961652354,200.7844961652354
2013-12-18 08:20:00+00:00,955.1815,770.8287245481113,184.35279400657623,184.35279400657623
2013-12-18 08:30:00+00:00,1149.7391,802.1773158275342,347.56181991465326,347.56181991465326
2013-12-18 08:40:00+00:00,1066.7068,887.0521703832054,179.6546167261696,179.6546167261696
2013-12-18 08:50:00+00:00,1116.0125,947.070255602085,168.94219556979,168.94219556979
2013-12-18 09:00:00+00:00,1281.0848,1026.7841744151674,254.3006644520201,254.3006644520201
2013-12-18 09:10:00+00:00,1437.5911,1121.0438309751128,316.54723347801223,316.54723347801223
2013-12-18 09:20:00+00:00,1523.3578,1257.355905687814,266.0018823981236,266.0018823981236
2013-12-18 09:30:00+00:00,1687.108,1372.1189399769642,314.98909224959834,314.98909224959834
2013-12-18 09:40:00+00:00,1890.7792,1476.2312627163162,414.5479120883713,414.5479120883713
2013-12-18 09:50:00+00:00,1778.2479,1602.2183401561513,176.02958464853623,176.02958464853623
2013-12-18 10:00:00+00:00,2044.405,1751.9900348653878,292.41499443148723,292.41499443148723
2013-12-18 10:10:00+00:00,2085.0417,1860.6005217218303,224.44122632504468,224.44122632504468
2013-12-18 10:20:00+00:00,2082.172,1986.4783777729847,95.69374136764031,95.69374136764031
2013-12-18 10:30:00+00:00,2206.9216,2111.296503848136,95.62512701123887,95.62512701123887
2013-12-18 10:40:00+00:00,2235.697,2259.2138719814047,-23.516850497029736,23.516850497029736
2013-12-18 10:50:00+00:00,2433.783,2362.09309618516,71.689862799215,71.689862799215
2013-12-18 11:00:00+00:00,2567.3047,2450.1822645555408,117.12242294445923,117.12242294445923
2013-12-18 11:10:00+00:00,2423.1753,2504.7091664011837,-81.53387343243367,81.53387343243367
2013-12-18 11:20:00+00:00,2505.3494,2557.9956975927,-52.6463323583248,52.6463323583248
2013-12-18 11:30:00+00:00,2565.9744,2711.3214674812175,-145.3471022468425,145.3471022468425
2013-12-18 11:40:00+00:00,2505.0999,2808.569297318517,-303.4694438028919,303.4694438028919
2013-12-18 11:50:00+00:00,2784.49,2932.6473652365867,-148.15737500221167,148.15737500221167
2013-12-18 12:00:00+00:00,2827.286,3021.304705222069,-194.01881655019406,194.01881655019406
2013-12-18 12:10:00+00:00,3111.1643,3212.8258929387675,-101.66158629814254,101.66158629814254
2013-12-18 12:20:00+00:00,3495.6514,3311.6741952517414,183.97717193575863,183.97717193575863
2013-12-18 12:30:00+00:00,3696.756,3415.8462520707617,280.9098514448633,280.9098514448633
2013-12-18 12:40:00+00:00,3801.722,3476.2921614950383,325.4297623330867,325.4297623330867
2013-12-18 12:50:00+00:00,3832.2,3627.0740932123,205.12585795957511,205.12585795957511
2013-12-18 13:00:00+00:00,3843.621,3615.669774883908,227.95131886609215,227.95131886609215
2013-12-18 13:10:00+00:00,3556.7668,3611.7657531318328,-54.99890742870775,54.99890742870775
2013-12-18 13:20:00+00:00,3707.4973,3665.828162845616,41.669151607508866,41.669151607508866
2013-12-18 13:30:00+00:00,3387.064,3657.1072648215268,-270.04329997777677,270.04329997777677
2013-12-18 13:40:00+00:00,3546.149,3608.5078668371234,-62.3589410558734,62.3589410558734
2013-12-18 13:50:00+00:00,3306.7722,3630.4493675343056,-323.67715073743057,323.67715073743057
2013-12-18 14:00:00+00:00,3144.069,3711.497213960056,-567.4281221631809,567.4281221631809
2013-12-18 14:10:00+00:00,3109.701,3629.272756373679,-519.5718286393039,519.5718286393039
2013-12-18 14:20:00+00:00,3007.717,3730.8178640467577,-723.1008230311327,723.1008230311327
2013-12-18 14:30:00+00:00,3118.4136,3810.2447193036387,-691.8311450848887,691.8311450848887
2013-12-18 14:40:00+00:00,2905.1936,3828.1791244077194,-922.9855208920944,922.9855208920944
2013-12-18 14:50:00+00:00,3011.4568,3832.9505241333554,-821.4937370239804,821.4937370239804
2013-12-18 15:00:00+00:00,3081.6,3826.1249962839256,-744.5248986276756,744.5248986276756
2013-12-18 15:10:00+00:00,3195.2446,3945.578053303867,-750.3334243976169,750.3334243976169
2013-12-18 15:20:00+00:00,2986.5422,3895.363787029233,-908.8215507011082,908.8215507011082
2013-12-18 15:30:00+00:00,2914.8196,3941.4190625392657,-1026.5994824611407,1026.5994824611407
2013-12-18 15:40:00+00:00,2906.7148,3887.7211975251566,-981.0063537751566,981.0063537751566
2013-12-18 15:50:00+00:00,2921.6694,3902.6338625238204,-980.9644289300704,980.9644289300704
2013-12-18 16:00:00+00:00,3045.4294,3992.6115496568864,-947.1821062975114,947.1821062975114
2013-12-18 16:10:00+00:00,2982.9856,3958.8094462871413,-975.8238505840163,975.8238505840163
2013-12-18 16:20:00+00:00,2934.5327,3785.6166838313648,-851.0839689876148,851.0839689876148
2013-12-18 16:30:00+00:00,2876.2046,3760.4765055726148,-884.2719157288648,884.2719157288648
2013-12-18 16:40:00+00:00,2666.9702,3734.149077000804,-1067.178862157054,1067.178862157054
2013-12-18 16:50:00+00:00,2784.4304,3700.499596348486,-916.0691764266112,916.0691764266112
2013-12-18 17:00:00+00:00,2585.9038,3702.0555475719457,-1116.1517389781957,1116.1517389781957
2013-12-18 17:10:00+00:00,2404.0166,3510.503225831242,-1106.4866242687422,1106.4866242687422
2013-12-18 17:20:00+00:00,2604.14,3481.6311193077254,-877.4912267296004,877.4912267296004
2013-12-18 17:30:00+00:00,2534.7703,3394.957561051785,-860.18729737991,860.18729737991
2013-12-18 17:40:00+00:00,2522.163,3276.6456437995894,-754.4825578620894,754.4825578620894
2013-12-18 17:50:00+00:00,2328.7656,3145.853672145849,-817.088047145849,817.088047145849
2013-12-18 18:00:00+00:00,2323.4563,3056.4969648615574,-733.0406660334324,733.0406660334324
2013-12-18 18:10:00+00:00,2236.9736,2941.1239598319535,-704.1503270194535,704.1503270194535
2013-12-18 18:20:00+00:00,2041.1218,2813.4402735301574,-772.3184473582824,772.3184473582824
2013-12-18 18:30:00+00:00,2037.4706,2639.998409967548,-602.5278289128605,602.5278289128605
2013-12-18 18:40:00+00:00,2249.4243,2541.775708620004,-292.351392213754,292.351392213754
2013-12-18 18:50:00+00:00,2053.9604,2354.2756159636538,-300.31516674490376,300.31516674490376
2013-12-18 19:00:00+00:00,1816.8894,2161.867827994293,-344.97842369741784,344.97842369741784
2013-12-18 19:10:00+00:00,1563.8444,1963.373259931885,-399.52889958032256,399.52889958032256
2013-12-18 19:20:00+00:00,1361.1315,1859.8362729796597,-498.7048032530972,498.7048032530972
2013-12-18 19:30:00+00:00,1359.3491,1628.207045308976,-268.8579242152259,268.8579242152259
2013-12-18 19:40:00+00:00,1122.9392,1484.0966840961999,-361.15747511182485,361.15747511182485
2013-12-18 19:50:00+00:00,1047.6985,1429.3279383944566,-381.6294520663316,381.6294520663316
2013-12-18 20:00:00+00:00,934.5904,1270.0196226384564,-335.4292295720502,335.4292295720502
2013-12-18 20:10:00+00:00,878.9946,1157.4659421559506,-278.47131324970064,278.47131324970064
2013-12-18 20:20:00+00:00,939.048,1188.019044782682,-248.97107114986943,248.97107114986943
2013-12-18 20:30:00+00:00,931.84375,1160.3693544494151,-228.52560444941514,228.52560444941514
2013-12-18 20:40:00+00:00,897.63,1096.9878655707223,-199.3578606879098,199.3578606879098
2013-12-18 20:50:00+00:00,941.46967,1049.0708666859755,-107.60120115863174,107.60120115863174
2013-12-18 21:00:00+00:00,818.7649,1048.9960816333282,-230.23118905520323,230.23118905520323
2013-12-18 21:10:00+00:00,795.28937,970.0859140760282,-174.79654640024694,174.79654640024694
2013-12-18 21:20:00+00:00,607.25903,852.1555055660414,-244.89647236291637,244.89647236291637
2013-12-18 21:30:00+00:00,577.6145,776.1684827586583,-198.55398080553334,198.55398080553334
2013-12-18 21:40:00+00:00,573.2878,715.0830375556292,-141.79525679391043,141.79525679391043
2013-12-18 21:50:00+00:00,500.41028,646.8767065813721,-146.4664282610596,146.4664282610596
2013-12-18 22:00:00+00:00,455.15637,612.0469048882428,-156.8905328179303,156.8905328179303
2013-12-18 22:10:00+00:00,554.7285,555.0489391926941,-0.3204235676940925,0.3204235676940925
2013-12-18 22:20:00+00:00,436.30554,553.9611251692274,-117.65558317703994,117.65558317703994
2013-12-18 22:30:00+00:00,399.05322,522.18303774213,-123.12981508587995,123.12981508587995
2013-12-18 22:40:00+00:00,359.22098,460.9060080609738,-101.6850302777707,101.6850302777707
2013-12-18 22:50:00+00:00,315.0365,436.4601967831911,-121.42369775975362,121.42369775975362
2013-12-18 23:00:00+00:00,273.46213,404.6210844595298,-131.15895677398294,131.15895677398294
2013-12-18 23:10:00+00:00,266.77795,373.5643936438182,-106.78643954225572,106.78643954225572
2013-12-18 23:20:00+00:00,260.11536,358.2458616776239,-98.1305052323114,98.1305052323114
2013-12-18 23:30:00+00:00,248.25465,345.8770463335493,-97.62239240288523,97.62239240288523
2013-12-18 23:40:00+00:00,240.81383,296.71942305092375,-55.905595536275314,55.905595536275314
2013-12-18 23:50:00+00:00,216.99612,260.71384737357334,-43.71772310599522,43.71772310599522
2013-12-19 00:00:00+00:00,203.73701,227.9973792265339,-24.260364456026082,24.260364456026082
2013-12-19 00:10:00+00:00,198.60309,193.7574078288037,4.845680550102543,4.845680550102543
2013-12-19 00:20:00+00:00,166.5226,181.26214231934523,-14.739544052743668,14.739544052743668
2013-12-19 00:30:00+00:00,162.96861,163.89032644255803,-0.9217137716595971,0.9217137716595971
2013-12-19 00:40:00+00:00,188.33516,154.09808015851877,34.23707914323904,34.23707914323904
2013-12-19 00:50:00+00:00,145.82385,157.39309200208822,-11.569239463025724,11.569239463025724
2013-12-19 01:00:00+00:00,147.12192,145.50194452650794,1.6199731981014338,1.6199731981014338
2013-12-19 01:10:00+00:00,160.44969,119.96751193035152,40.48217984210942,40.48217984210942
2013-12-19 01:20:00+00:00,166.7488,136.43260201589032,30.316192539773738,30.316192539773738
2013-12-19 01:30:00+00:00,141.24428,129.62004600919636,11.624231944905205,11.624231944905205
2013-12-19 01:40:00+00:00,165.2368,116.55095030078087,48.68585084668007,48.68585084668007
2013-12-19 01:50:00+00:00,149.57857,111.57953970106882,37.99902780381399,37.99902780381399
2013-12-19 02:00:00+00:00,138.24467,118.645624295973,19.599050386644194,19.599050386644194
2013-12-19 02:10:00+00:00,164.30647,107.41452771570493,56.89194506261538,56.89194506261538
2013-12-19 02:20:00+00:00,146.30841,117.10871604842919,29.199694596102063,29.199694596102063
2013-12-19 02:30:00+00:00,139.70876,124.80658950308589,14.902165990078174,14.902165990078174
2013-12-19 02:40:00+00:00,157.33388,110.71400763566407,46.61986992781249,46.61986992781249
2013-12-19 02:50:00+00:00,149.2089,125.88733209981228,23.32156072245334,23.32156072245334
2013-12-19 03:00:00+00:00,137.03723,134.0398646519625,2.997366793350011,2.997366793350011
2013-12-19 03:10:00+00:00,161.10104,113.83475142874977,47.266292272422106,47.266292272422106
2013-12-19 03:20:00+00:00,148.35448,127.82488105967809,20.529595869032846,20.529595869032846
2013-12-19 03:30:00+00:00,137.6933,129.9577644750857,7.735533864758054,7.735533864758054
2013-12-19 03:40:00+00:00,167.33061,122.40161942291047,44.928992759706716,44.928992759706716
2013-12-19 03:50:00+00:00,163.06082,131.58332650052103,31.4774950326821,31.4774950326821
2013-12-19 04:00:00+00:00,147.221,133.59607388312975,13.62491915886244,13.62491915886244
2013-12-19 04:10:00+00:00,192.28413,135.86330395333107,56.42082995780174,56.42082995780174
2013-12-19 04:20:00+00:00,164.09566,133.91668257491028,30.17897477372253,30.17897477372253
2013-12-19 04:30:00+00:00,135.68304,148.58411259697095,-12.901068163377204,12.901068163377204
2013-12-19 04:40:00+00:00,199.33537,138.0114802646135,61.32389266019118,61.32389266019118
2013-12-19 04:50:00+00:00,156.3342,147.00073033908393,9.333467658962945,9.333467658962945
2013-12-19 05:00:00+00:00,143.29755,148.05536990866472,-4.757823521945966,4.757823521945966
2013-12-19 05:10:00+00:00,201.3101,139.61187254335914,61.69823182675805,61.69823182675805
2013-12-19 05:20:00+00:00,182.29102,151.09908863518672,31.191926989813282,31.191926989813282
2013-12-19 05:30:00+00:00,132.84993,153.62789367502546,-20.77796386545515,20.77796386545515
2013-12-19 05:40:00+00:00,189.565,163.8549114907412,25.710090950665062,25.710090950665062
2013-12-19 05:50:00+00:00,175.2859,174.19157769072604,1.0943262399380274,1.0943262399380274
2013-12-19 06:00:00+00:00,209.46092,194.25938821674254,15.201534024468401,15.201534024468401
2013-12-19 06:10:00+00:00,197.42627,199.04012415551665,-1.6138546242666507,1.6138546242666507
2013-12-19 06:20:00+00:00,202.95943,220.74853995368312,-17.78911307380031,17.78911307380031
2013-12-19 06:30:00+00:00,214.50131,231.60841605085875,-17.107103794999375,17.107103794999375
2013-12-19 06:40:00+00:00,260.04193,238.47303857407837,21.568892578265377,21.568892578265377
2013-12-19 06:50:00+00:00,295.93298,265.2142277465516,30.718755651885886,30.718755651885886
2013-12-19 07:00:00+00:00,336.18884,306.24356259190836,29.945280181529142,29.945280181529142
2013-12-19 07:10:00+00:00,346.60178,331.2346392003144,15.36713692273247,15.36713692273247
2013-12-19 07:20:00+00:00,421.73102,375.4468629236494,46.284155142756845,46.284155142756845
2013-12-19 07:30:00+00:00,481.96432,456.0593948771682,25.904930074003687,25.904930074003687
2013-12-19 07:40:00+00:00,601.5928,481.94948898286066,119.64328445463934,119.64328445463934
2013-12-19 07:50:00+00:00,599.5332,574.7686420892261,24.76456103577391,24.76456103577391
2013-12-19 08:00:00+00:00,712.6777,656.5347209072942,56.14295243254958,56.14295243254958
2013-12-19 08:10:00+00:00,731.28986,694.4864388933584,36.803417063672896,36.803417063672896
2013-12-19 08:20:00+00:00,881.49286,770.8287245481113,110.66413433860748,110.66413433860748
2013-12-19 08:30:00+00:00,938.44543,802.1773158275342,136.26811874277826,136.26811874277826
2013-12-19 08:40:00+00:00,968.30646,887.0521703832054,81.25428713632584,81.25428713632584
2013-12-19 08:50:00+00:00,1094.8314,947.070255602085,147.7611652963525,147.7611652963525
2013-12-19 09:00:00+00:00,1200.4783,1026.7841744151674,173.6940970692076,173.6940970692076
2013-12-19 09:10:00+00:00,1328.8693,1121.0438309751128,207.82543172019973,207.82543172019973
2013-12-19 09:20:00+00:00,1369.3333,1257.355905687814,111.9773462653111,111.9773462653111
2013-12-19 09:30:00+00:00,1536.334,1372.1189399769642,164.21504439803584,164.21504439803584
2013-12-19 09:40:00+00:00,1525.5745,1476.2312627163162,49.34320017430878,49.34320017430878
2013-12-19 09:50:00+00:00,1748.4875,1602.2183401561513,146.26920867197373,146.26920867197373
2013-12-19 10:00:00+00:00,1705.1344,1751.9900348653878,-46.85563545132527,46.85563545132527
2013-12-19 10:10:00+00:00,1640.9758,1860.6005217218303,-219.62469164370532,219.62469164370532
2013-12-19 10:20:00+00:00,1752.9142,1986.4783777729847,-233.5641932026722,233.5641932026722
2013-12-19 10:30:00+00:00,1811.505,2111.296503848136,-299.7914989653236,299.7914989653236
2013-12-19 10:40:00+00:00,2033.2499,2259.2138719814047,-225.96399405171724,225.96399405171724
2013-12-19 10:50:00+00:00,2075.609,2362.09309618516,-286.48420946641,286.48420946641
2013-12-19 11:00:00+00:00,2112.008,2450.1822645555408,-338.17420791491577,338.17420791491577
2013-12-19 11:10:00+00:00,2250.8096,2504.7091664011837,-253.89959608868367,253.89959608868367
2013-12-19 11:20:00+00:00,2272.6956,2557.9956975927,-285.3001409520748,285.3001409520748
2013-12-19 11:30:00+00:00,2422.8374,2711.3214674812175,-288.4840651374675,288.4840651374675
2013-12-19 11:40:00+00:00,2519.571,2808.569297318517,-288.9982523966419,288.9982523966419
2013-12-19 11:50:00+00:00,2550.7397,2932.6473652365867,-381.90761914283667,381.90761914283667
2013-12-19 12:00:00+00:00,2612.7273,3021.304705222069,-408.57741030019406,408.57741030019406
2013-12-19 12:10:00+00:00,3039.8,3212.8258929387675,-173.02584411064254,173.02584411064254
2013-12-19 12:20:00+00:00,2852.513,3311.6741952517414,-459.16125579861637,459.16125579861637
2013-12-19 12:30:00+00:00,3025.5217,3415.8462520707617,-390.3245235551367,390.3245235551367
2013-12-19 12:40:00+00:00,3178.0037,3476.2921614950383,-298.2884993856633,298.2884993856633
2013-12-19 12:50:00+00:00,3164.61,3627.0740932123,-462.4639857904249,462.4639857904249
2013-12-19 13:00:00+00:00,3233.0776,3615.669774883908,-382.59213816515785,382.59213816515785
2013-12-19 13:10:00+00:00,3090.1611,3611.7657531318328,-521.6046203193328,521.6046203193328
2013-12-19 13:20:00+00:00,3221.235,3665.828162845616,-444.59305542374113,444.59305542374113
2013-12-19 13:30:00+00:00,3101.9568,3657.1072648215268,-555.1504777121518,555.1504777121518
2013-12-19 13:40:00+00:00,3170.122,3608.5078668371234,-438.3857965246234,438.3857965246234
2013-12-19 13:50:00+00:00,2813.0469,3630.4493675343056,-817.4024925343056,817.4024925343056
2013-12-19 14:00:00+00:00,3081.088,3711.497213960056,-630.4093233350559,630.4093233350559
2013-12-19 14:10:00+00:00,2803.1523,3629.272756373679,-826.1204126236789,826.1204126236789
2013-12-19 14:20:00+00:00,2675.9124,3730.8178640467577,-1054.9055105311327,1054.9055105311327
2013-12-19 14:30:00+00:00,2859.8093,3810.2447193036387,-950.4353931317637,950.4353931317637
2013-12-19 14:40:00+00:00,2725.6877,3828.1791244077194,-1102.4913802670944,1102.4913802670944
2013-12-19 14:50:00+00:00,2707.085,3832.9505241333554,-1125.8655631958554,1125.8655631958554
2013-12-19 15:00:00+00:00,2775.1155,3826.1249962839256,-1051.0095177683006,1051.0095177683006
2013-12-19 15:10:00+00:00,2550.0012,3945.578053303867,-1395.576832600742,1395.576832600742
2013-12-19 15:20:00+00:00,2465.3582,3895.363787029233,-1430.0056327323582,1430.0056327323582
2013-12-19 15:30:00+00:00,2721.6455,3941.4190625392657,-1219.7735547267657,1219.7735547267657
2013-12-19 15:40:00+00:00,2421.6965,3887.7211975251566,-1466.0246643220316,1466.0246643220316
2013-12-19 15:50:00+00:00,2695.7935,3902.6338625238204,-1206.8404054925704,1206.8404054925704
2013-12-19 16:00:00+00:00,2630.882,3992.6115496568864,-1361.7294695787614,1361.7294695787614
2013-12-19 16:10:00+00:00,2422.9817,3958.8094462871413,-1535.8277568340163,1535.8277568340163
2013-12-19 16:20:00+00:00,2348.1653,3785.6166838313648,-1437.4514006282398,1437.4514006282398
2013-12-19 16:30:00+00:00,2585.5112,3760.4765055726148,-1174.9652751038648,1174.9652751038648
2013-12-19 16:40:00+00:00,2341.8657,3734.149077000804,-1392.283354344554,1392.283354344554
2013-12-19 16:50:00+00:00,2364.463,3700.499596348486,-1336.0367057234862,1336.0367057234862
2013-12-19 17:00:00+00:00,2397.9126,3702.0555475719457,-1304.1429499156957,1304.1429499156957
2013-12-19 17:10:00+00:00,2289.9202,3510.503225831242,-1220.5830598156172,1220.5830598156172
2013-12-19 17:20:00+00:00,2206.8284,3481.6311193077254,-1274.8027501671004,1274.8027501671004
2013-12-19 17:30:00+00:00,2457.15,3394.957561051785,-937.807658708035,937.807658708035
2013-12-19 17:40:00+00:00,2152.37,3276.6456437995894,-1124.2755266120894,1124.2755266120894
2013-12-19 17:50:00+00:00,2106.915,3145.853672145849,-1038.938633083349,1038.938633083349
2013-12-19 18:00:00+00:00,2293.4883,3056.4969648615574,-763.0086836115574,763.0086836115574
2013-12-19 18:10:00+00:00,1955.9198,2941.1239598319535,-985.204160027266,985.204160027266
2013-12-19 18:20:00+00:00,1776.113,2813.4402735301574,-1037.3272364207824,1037.3272364207824
2013-12-19 18:30:00+00:00,1724.0902,2639.998409967548,-915.9082000066105,915.9082000066105
2013-12-19 18:40:00+00:00,1596.006,2541.775708620004,-945.7697271746915,945.7697271746915
2013-12-19 18:50:00+00:00,1762.8009,2354.2756159636538,-591.4747126433413,591.4747126433413
2013-12-19 19:00:00+00:00,1427.1401,2161.867827994293,-734.7276912755428,734.7276912755428
2013-12-19 19:10:00+00:00,1410.2124,1963.373259931885,-553.1608575881351,553.1608575881351
2013-12-19 19:20:00+00:00,1136.0071,1859.8362729796597,-723.8291929015347,723.8291929015347
2013-12-19 19:30:00+00:00,972.0033,1628.207045308976,-656.2037494105384,656.2037494105384
2013-12-19 19:40:00+00:00,1047.5853,1484.0966840961999,-436.51135694776235,436.51135694776235
2013-12-19 19:50:00+00:00,1053.2526,1429.3279383944566,-376.0753749178941,376.0753749178941
2013-12-19 20:00:00+00:00,933.2017,1270.0196226384564,-336.8179014470502,336.8179014470502
2013-12-19 20:10:00+00:00,964.452,1157.4659421559506,-193.01391578876314,193.01391578876314
2013-12-19 20:20:00+00:00,828.5007,1188.019044782682,-359.5183733959632,359.5183733959632
2013-12-19 20:30:00+00:00,726.72974,1160.3693544494151,-433.63961812129014,433.63961812129014
2013-12-19 20:40:00+00:00,716.83527,1096.9878655707223,-380.15259945744106,380.15259945744106
2013-12-19 20:50:00+00:00,639.6995,1049.0708666859755,-409.37134276019424,409.37134276019424
2013-12-19 21:00:00+00:00,712.0561,1048.9960816333282,-336.9399903247345,336.9399903247345
2013-12-19 21:10:00+00:00,645.3369,970.0859140760282,-324.7490000135282,324.7490000135282
2013-12-19 21:20:00+00:00,570.9346,852.1555055660414,-281.22093525354137,281.22093525354137
2013-12-19 21:30:00+00:00,600.0463,776.1684827586583,-176.1221570750646,176.1221570750646
2013-12-19 21:40:00+00:00,605.2517,715.0830375556292,-109.83132857125418,109.83132857125418
2013-12-19 21:50:00+00:00,511.07797,646.8767065813721,-135.79873416926273,135.79873416926273
2013-12-19 22:00:00+00:00,437.07263,612.0469048882428,-174.9742730523053,174.9742730523053
2013-12-19 22:10:00+00:00,414.0997,555.0489391926941,-140.94923826495972,140.94923826495972
2013-12-19 22:20:00+00:00,412.7515,553.9611251692274,-141.20962980789932,141.20962980789932
2013-12-19 22:30:00+00:00,418.3298,522.18303774213,-103.85323427533308,103.85323427533308
2013-12-19 22:40:00+00:00,381.41135,460.9060080609738,-79.49466162542694,79.49466162542694
2013-12-19 22:50:00+00:00,291.50494,436.4601967831911,-144.95525293553487,144.95525293553487
2013-12-19 23:00:00+00:00,320.1573,404.6210844595298,-84.46379686187356,84.46379686187356
2013-12-19 23:10:00+00:00,294.39124,373.5643936438182,-79.17315829225572,79.17315829225572
2013-12-19 23:20:00+00:00,295.63467,358.2458616776239,-62.61118760535828,62.61118760535828
2013-12-19 23:30:00+00:00,255.71765,345.8770463335493,-90.15939496636179,90.15939496636179
2013-12-19 23:40:00+00:00,205.228,296.71942305092375,-91.49142622475188,91.49142622475188
2013-12-19 23:50:00+00:00,213.16452,260.71384737357334,-47.54932710990147,47.54932710990147
2013-12-20 00:00:00+00:00,240.61661,227.9973792265339,12.61922843948173,12.61922843948173
2013-12-20 00:10:00+00:00,173.89832,193.7574078288037,-19.859092399116207,19.859092399116207
2013-12-20 00:20:00+00:00,178.073,181.26214231934523,-3.18914427247023,3.18914427247023
2013-12-20 00:30:00+00:00,174.97179,163.89032644255803,11.081460056465403,11.081460056465403
2013-12-20 00:40:00+00:00,152.33878,154.09808015851877,-1.7593045237531442,1.7593045237531442
2013-12-20 00:50:00+00:00,179.99977,157.39309200208822,22.60667911607584,22.60667911607584
2013-12-20 01:00:00+00:00,170.96098,145.50194452650794,25.459038749859246,25.459038749859246
2013-12-20 01:10:00+00:00,159.06401,119.96751193035152,39.09649868976567,39.09649868976567
2013-12-20 01:20:00+00:00,185.45857,136.43260201589032,49.02597037180499,49.02597037180499
2013-12-20 01:30:00+00:00,189.06934,129.62004600919636,59.44928992830364,59.44928992830364
2013-12-20 01:40:00+00:00,159.00279,116.55095030078087,42.45184205761757,42.45184205761757
2013-12-20 01:50:00+00:00,173.21515,111.57953970106882,61.635609224712425,61.635609224712425
2013-12-20 02:00:00+00:00,173.38698,118.645624295973,54.74135385344107,54.74135385344107
2013-12-20 02:10:00+00:00,210.31947,107.41452771570493,102.90494555089663,102.90494555089663
2013-12-20 02:20:00+00:00,215.39076,117.10871604842919,98.28204628067238,98.28204628067238
2013-12-20 02:30:00+00:00,176.97084,124.80658950308589,52.164250951015674,52.164250951015674
2013-12-20 02:40:00+00:00,188.72691,110.71400763566407,78.01290581648436,78.01290581648436
2013-12-20 02:50:00+00:00,167.10315,125.88733209981228,41.215817314250216,41.215817314250216
2013-12-20 03:00:00+00:00,168.70117,134.0398646519625,34.66130722303751,34.66130722303751
2013-12-20 03:10:00+00:00,178.58543,113.83475142874977,64.75068253121117,64.75068253121117
2013-12-20 03:20:00+00:00,154.45125,127.82488105967809,26.62636710926722,26.62636710926722
2013-12-20 03:30:00+00:00,160.07486,129.9577644750857,30.11709514405493,30.11709514405493
2013-12-20 03:40:00+00:00,150.4502,122.40161942291047,28.04857588958953,28.04857588958953
2013-12-20 03:50:00+00:00,154.78647,131.58332650052103,23.20314200533835,23.20314200533835
2013-12-20 04:00:00+00:00,150.70279,133.59607388312975,17.106715423510877,17.106715423510877
2013-12-20 04:10:00+00:00,151.19032,135.86330395333107,15.327018922645493,15.327018922645493
2013-12-20 04:20:00+00:00,178.32515,133.91668257491028,44.40846696122253,44.40846696122253
2013-12-20 04:30:00+00:00,191.71191,148.58411259697095,43.127801465529046,43.127801465529046
2013-12-20 04:40:00+00:00,183.11057,138.0114802646135,45.099084920933365,45.099084920933365
2013-12-20 04:50:00+00:00,151.29881,147.00073033908393,4.298082527127008,4.298082527127008
2013-12-20 05:00:00+00:00,187.94846,148.05536990866472,39.89308590188216,39.89308590188216
2013-12-20 05:10:00+00:00,141.54846,139.61187254335914,1.9365893707033592,1.9365893707033592
2013-12-20 05:20:00+00:00,160.45335,151.09908863518672,9.35426524664922,9.35426524664922
2013-12-20 05:30:00+00:00,185.88782,153.62789367502546,32.25992370778704,32.25992370778704
2013-12-20 05:40:00+00:00,173.25757,163.8549114907412,9.402656868633812,9.402656868633812
2013-12-20 05:50:00+00:00,208.17184,174.19157769072604,33.98026679169584,33.98026679169584
2013-12-20 06:00:00+00:00,231.24176,194.25938821674254,36.982372037163714,36.982372037163714
2013-12-20 06:10:00+00:00,238.36427,199.04012415551665,39.32414891577241,39.32414891577241
2013-12-20 06:20:00+00:00,269.31088,220.74853995368312,48.562342614676254,48.562342614676254
2013-12-20 06:30:00+00:00,315.00168,231.60841605085875,83.39326241593812,83.39326241593812
2013-12-20 06:40:00+00:00,319.25333,238.47303857407837,80.78028784193725,80.78028784193725
2013-12-20 06:50:00+00:00,370.55798,265.2142277465516,105.34375565188589,105.34375565188589
2013-12-20 07:00:00+00:00,351.51703,306.24356259190836,45.27346621668539,45.27346621668539
2013-12-20 07:10:00+00:00,379.94705,331.2346392003144,48.71241280163872,48.71241280163872
2013-12-20 07:20:00+00:00,451.5432,375.4468629236494,76.0963499669756,76.0963499669756
2013-12-20 07:30:00+00:00,515.0122,456.0593948771682,58.95281215408181,58.95281215408181
2013-12-20 07:40:00+00:00,582.2494,481.94948898286066,100.29990066557684,100.29990066557684
2013-12-20 07:50:00+00:00,672.0322,574.7686420892261,97.26358447327391,97.26358447327391
2013-12-20 08:00:00+00:00,795.06946,656.5347209072942,138.53473710051833,138.53473710051833
2013-12-20 08:10:00+00:00,875.40344,694.4864388933584,180.91700348945415,180.91700348945415
2013-12-20 08:20:00+00:00,944.9217,770.8287245481113,174.09296734641998,174.09296734641998
2013-12-20 08:30:00+00:00,861.2546,802.1773158275342,59.077261809184506,59.077261809184506
2013-12-20 08:40:00+00:00,1041.7307,887.0521703832054,154.6785425074196,154.6785425074196
2013-12-20 08:50:00+00:00,1133.234,947.070255602085,186.1637531869775,186.1637531869775
2013-12-20 09:00:00+00:00,1271.743,1026.7841744151674,244.9588675770201,244.9588675770201
2013-12-20 09:10:00+00:00,1214.005,1121.0438309751128,92.96117390769973,92.96117390769973
2013-12-20 09:20:00+00:00,1345.7906,1257.355905687814,88.4347437262486,88.4347437262486
2013-12-20 09:30:00+00:00,1532.3842,1372.1189399769642,160.26521529647334,160.26521529647334
2013-12-20 09:40:00+00:00,1533.183,1476.2312627163162,56.95172068212128,56.95172068212128
2013-12-20 09:50:00+00:00,1678.7963,1602.2183401561513,76.57792449228623,76.57792449228623
2013-12-20 10:00:00+00:00,1719.4784,1751.9900348653878,-32.51164131070027,32.51164131070027
2013-12-20 10:10:00+00:00,1757.8944,1860.6005217218303,-102.70611254214282,102.70611254214282
2013-12-20 10:20:00+00:00,1708.6901,1986.4783777729847,-277.7883142964222,277.7883142964222
2013-12-20 10:30:00+00:00,2034.6285,2111.296503848136,-76.66796380907363,76.66796380907363
2013-12-20 10:40:00+00:00,1962.371,2259.2138719814047,-296.84290030171724,296.84290030171724
2013-12-20 10:50:00+00:00,2363.3328,2362.09309618516,1.2396674867150068,1.2396674867150068
2013-12-20 11:00:00+00:00,2252.2136,2450.1822645555408,-197.96864150866577,197.96864150866577
2013-12-20 11:10:00+00:00,2384.8037,2504.7091664011837,-119.90545546368367,119.90545546368367
2013-12-20 11:20:00+00:00,2204.1807,2557.9956975927,-353.8150335301998,353.8150335301998
2013-12-20 11:30:00+00:00,2347.7227,2711.3214674812175,-363.5988112312175,363.5988112312175
2013-12-20 11:40:00+00:00,2479.603,2808.569297318517,-328.9662699747669,328.9662699747669
2013-12-20 11:50:00+00:00,2636.074,2932.6473652365867,-296.57339062721167,296.57339062721167
2013-12-20 12:00:00+00:00,2812.315,3021.304705222069,-208.98976381581906,208.98976381581906
2013-12-20 12:10:00+00:00,2759.4387,3212.8258929387675,-453.38717223564254,453.38717223564254
2013-12-20 12:20:00+00:00,3017.2458,3311.6741952517414,-294.42834564236637,294.42834564236637
2013-12-20 12:30:00+00:00,3146.3467,3415.8462520707617,-269.4995723832617,269.4995723832617
2013-12-20 12:40:00+00:00,3176.079,3476.2921614950383,-300.2130599325383,300.2130599325383
2013-12-20 12:50:00+00:00,3479.5557,3627.0740932123,-147.51842914979989,147.51842914979989
2013-12-20 13:00:00+00:00,3186.7031,3615.669774883908,-428.96664988390785,428.96664988390785
2013-12-20 13:10:00+00:00,3374.5444,3611.7657531318328,-237.22131953808275,237.22131953808275
2013-12-20 13:20:00+00:00,3380.0325,3665.828162845616,-285.79569214249113,285.79569214249113
2013-12-20 13:30:00+00:00,3248.3887,3657.1072648215268,-408.71859294652677,408.71859294652677
2013-12-20 13:40:00+00:00,2996.6667,3608.5078668371234,-611.8411187902484,611.8411187902484
2013-12-20 13:50:00+00:00,3311.8342,3630.4493675343056,-318.61513901868057,318.61513901868057
2013-12-20 14:00:00+00:00,3060.8154,3711.497213960056,-650.6817842725559,650.6817842725559
2013-12-20 14:10:00+00:00,3016.4866,3629.272756373679,-612.7861841080539,612.7861841080539
2013-12-20 14:20:00+00:00,3036.2593,3730.8178640467577,-694.5585867030077,694.5585867030077
2013-12-20 14:30:00+00:00,2958.962,3810.2447193036387,-851.2828052411387,851.2828052411387
2013-12-20 14:40:00+00:00,3111.0837,3828.1791244077194,-717.0953841733444,717.0953841733444
2013-12-20 14:50:00+00:00,3076.4038,3832.9505241333554,-756.5467155396054,756.5467155396054
2013-12-20 15:00:00+00:00,3198.596,3826.1249962839256,-627.5290490183006,627.5290490183006
2013-12-20 15:10:00+00:00,3236.9082,3945.578053303867,-708.6698501788669,708.6698501788669
2013-12-20 15:20:00+00:00,3257.2195,3895.363787029233,-638.1443046073582,638.1443046073582
2013-12-20 15:30:00+00:00,3252.4128,3941.4190625392657,-689.0062207423907,689.0062207423907
2013-12-20 15:40:00+00:00,3503.0024,3887.7211975251566,-384.71875611890664,384.71875611890664
2013-12-20 15:50:00+00:00,3360.5598,3902.6338625238204,-542.0740480706954,542.0740480706954
2013-12-20 16:00:00+00:00,3196.874,3992.6115496568864,-795.7375262193864,795.7375262193864
2013-12-20 16:10:00+00:00,3362.028,3958.8094462871413,-596.7813701152663,596.7813701152663
2013-12-20 16:20:00+00:00,3054.34,3785.6166838313648,-731.2765959407398,731.2765959407398
2013-12-20 16:30:00+00:00,3139.078,3760.4765055726148,-621.3986247132398,621.3986247132398
2013-12-20 16:40:00+00:00,3106.4797,3734.149077000804,-627.669340672679,627.669340672679
2013-12-20 16:50:00+00:00,2892.4841,3700.499596348486,-808.0154654891112,808.0154654891112
2013-12-20 17:00:00+00:00,2721.6785,3702.0555475719457,-980.3770807750707,980.3770807750707
2013-12-20 17:10:00+00:00,2502.0315,3510.503225831242,-1008.4717316906172,1008.4717316906172
2013-12-20 17:20:00+00:00,2476.959,3481.6311193077254,-1004.6721349327254,1004.6721349327254
2013-12-20 17:30:00+00:00,2399.0684,3394.957561051785,-995.889201676785,995.889201676785
2013-12-20 17:40:00+00:00,2195.7146,3276.6456437995894,-1080.9310441902144,1080.9310441902144
2013-12-20 17:50:00+00:00,2213.486,3145.853672145849,-932.367588161474,932.367588161474
2013-12-20 18:00:00+00:00,2027.0984,3056.4969648615574,-1029.3985761896824,1029.3985761896824
2013-12-20 18:10:00+00:00,1895.6484,2941.1239598319535,-1045.4755223319535,1045.4755223319535
2013-12-20 18:20:00+00:00,1770.2659,2813.4402735301574,-1043.1744043895324,1043.1744043895324
2013-12-20 18:30:00+00:00,1666.2909,2639.998409967548,-973.7075164128605,973.7075164128605
2013-12-20 18:40:00+00:00,1632.1877,2541.775708620004,-909.587964479379,909.587964479379
2013-12-20 18:50:00+00:00,1587.0817,2354.2756159636538,-767.1939509245913,767.1939509245913
2013-12-20 19:00:00+00:00,1530.316,2161.867827994293,-631.5517879552303,631.5517879552303
2013-12-20 19:10:00+00:00,1360.8132,1963.373259931885,-602.5600275100101,602.5600275100101
2013-12-20 19:20:00+00:00,1275.2537,1859.8362729796597,-584.5826108702847,584.5826108702847
2013-12-20 19:30:00+00:00,1136.4182,1628.207045308976,-491.7888324183509,491.7888324183509
2013-12-20 19:40:00+00:00,1148.0737,1484.0966840961999,-336.02295362744985,336.02295362744985
2013-12-20 19:50:00+00:00,1040.9227,1429.3279383944566,-388.4052089022691,388.4052089022691
2013-12-20 20:00:00+00:00,868.01794,1270.0196226384564,-402.00167830251894,402.00167830251894
2013-12-20 20:10:00+00:00,872.7982,1157.4659421559506,-284.66772438251314,284.66772438251314
2013-12-20 20:20:00+00:00,750.91455,1188.019044782682,-437.10449400143193,437.10449400143193
2013-12-20 20:30:00+00:00,745.6068,1160.3693544494151,-414.76254292597764,414.76254292597764
2013-12-20 20:40:00+00:00,707.70245,1096.9878655707223,-389.28541195744106,389.28541195744106
2013-12-20 20:50:00+00:00,632.9457,1049.0708666859755,-416.125187975038,416.125187975038
2013-12-20 21:00:00+00:00,789.19714,1048.9960816333282,-259.79893807864073,259.79893807864073
2013-12-20 21:10:00+00:00,607.38824,970.0859140760282,-362.69766944712194,362.69766944712194
2013-12-20 21:20:00+00:00,640.1143,852.1555055660414,-212.04118671838512,212.04118671838512
2013-12-20 21:30:00+00:00,588.8,776.1684827586583,-187.3684949656896,187.3684949656896
2013-12-20 21:40:00+00:00,596.2556,715.0830375556292,-118.82742232125418,118.82742232125418
2013-12-20 21:50:00+00:00,510.94366,646.8767065813721,-135.93304203059085,135.93304203059085
2013-12-20 22:00:00+00:00,447.97806,612.0469048882428,-164.06884702691468,164.06884702691468
2013-12-20 22:10:00+00:00,368.95248,555.0489391926941,-186.09645506183472,186.09645506183472
2013-12-20 22:20:00+00:00,317.45496,553.9611251692274,-236.50616911453994,236.50616911453994
2013-12-20 22:30:00+00:00,279.55344,522.18303774213,-242.62960146283308,242.62960146283308
2013-12-20 22:40:00+00:00,320.13925,460.9060080609738,-140.76675635198944,140.76675635198944
2013-12-20 22:50:00+00:00,280.24805,436.4601967831911,-156.21214990819112,156.21214990819112
2013-12-20 23:00:00+00:00,402.95343,404.6210844595298,-1.6676542837485613,1.6676542837485613
2013-12-20 23:10:00+00:00,247.95506,373.5643936438182,-125.60933077760728,125.60933077760728
2013-12-20 23:20:00+00:00,240.3078,358.2458616776239,-117.93806138465516,117.93806138465516
2013-12-20 23:30:00+00:00,218.8822,345.8770463335493,-126.99484418511179,126.99484418511179
2013-12-20 23:40:00+00:00,215.27798,296.71942305092375,-81.44143843178313,81.44143843178313
2013-12-20 23:50:00+00:00,184.93465,260.71384737357334,-75.77920076712803,75.77920076712803
2013-12-21 00:00:00+00:00,219.06174,227.9973792265339,-8.93564216598702,8.93564216598702
2013-12-21 00:10:00+00:00,211.28957,193.7574078288037,17.532158211235355,17.532158211235355
2013-12-21 00:20:00+00:00,178.092,181.26214231934523,-3.1701470800874176,3.1701470800874176
2013-12-21 00:30:00+00:00,155.57536,163.89032644255803,-8.314963283378347,8.314963283378347
2013-12-21 00:40:00+00:00,151.62741,154.09808015851877,-2.470669269846894,2.470669269846894
2013-12-21 00:50:00+00:00,148.86252,157.39309200208822,-8.530573691541349,8.530573691541349
2013-12-21 01:00:00+00:00,150.27457,145.50194452650794,4.772622123882684,4.772622123882684
2013-12-21 01:10:00+00:00,152.3208,119.96751193035152,32.35328885089848,32.35328885089848
2013-12-21 01:20:00+00:00,146.08855,136.43260201589032,9.655944737039363,9.655944737039363
2013-12-21 01:30:00+00:00,124.0086,129.62004600919636,-5.611447681559639,5.611447681559639
2013-12-21 01:40:00+00:00,140.11244,116.55095030078087,23.561491715820694,23.561491715820694
2013-12-21 01:50:00+00:00,122.83164,111.57953970106882,11.252102449810081,11.252102449810081
2013-12-21 02:00:00+00:00,123.502045,118.645624295973,4.856420381761382,4.856420381761382
2013-12-21 02:10:00+00:00,145.5524,107.41452771570493,38.13787096593569,38.13787096593569
2013-12-21 02:20:00+00:00,124.38357,117.10871604842919,7.274851761629407,7.274851761629407
2013-12-21 02:30:00+00:00,133.43507,124.80658950308589,8.628484349453174,8.628484349453174
2013-12-21 02:40:00+00:00,150.86714,110.71400763566407,40.15313408796874,40.15313408796874
2013-12-21 02:50:00+00:00,123.85438,125.88733209981228,-2.0329543532302523,2.0329543532302523
2013-12-21 03:00:00+00:00,127.41651,134.0398646519625,-6.623353116317958,6.623353116317958
2013-12-21 03:10:00+00:00,139.32253,113.83475142874977,25.487773595664294,25.487773595664294
2013-12-21 03:20:00+00:00,113.5225,127.82488105967809,-14.302381975205435,14.302381975205435
2013-12-21 03:30:00+00:00,122.34893,129.9577644750857,-7.608834116198977,7.608834116198977
2013-12-21 03:40:00+00:00,140.0016,122.40161942291047,17.59998274994109,17.59998274994109
2013-12-21 03:50:00+00:00,113.60281,131.58332650052103,-17.9805127798179,17.9805127798179
2013-12-21 04:00:00+00:00,134.46709,133.59607388312975,0.8710129088624399,0.8710129088624399
2013-12-21 04:10:00+00:00,143.63506,135.86330395333107,7.771751588661118,7.771751588661118
2013-12-21 04:20:00+00:00,107.89921,133.91668257491028,-26.017474506062626,26.017474506062626
2013-12-21 04:30:00+00:00,125.11383,148.58411259697095,-23.470282030564704,23.470282030564704
2013-12-21 04:40:00+00:00,124.96249,138.0114802646135,-13.048993997523667,13.048993997523667
2013-12-21 04:50:00+00:00,126.647606,147.00073033908393,-20.353124443087836,20.353124443087836
2013-12-21 05:00:00+00:00,122.03668,148.05536990866472,-26.018687779758466,26.018687779758466
2013-12-21 05:10:00+00:00,118.06944,139.61187254335914,-21.542429794335703,21.542429794335703
2013-12-21 05:20:00+00:00,108.06588,151.09908863518672,-43.033208813409374,43.033208813409374
2013-12-21 05:30:00+00:00,141.47595,153.62789367502546,-12.151941526587962,12.151941526587962
2013-12-21 05:40:00+00:00,152.99304,163.8549114907412,-10.861869498553688,10.861869498553688
2013-12-21 05:50:00+00:00,118.28109,174.19157769072604,-55.91048790801119,55.91048790801119
2013-12-21 06:00:00+00:00,147.33125,194.25938821674254,-46.928135164984724,46.928135164984724
2013-12-21 06:10:00+00:00,189.90218,199.04012415551665,-9.137948252196338,9.137948252196338
2013-12-21 06:20:00+00:00,152.78958,220.74853995368312,-67.958958654855,67.958958654855
2013-12-21 06:30:00+00:00,164.70734,231.60841605085875,-66.9010796250775,66.9010796250775
2013-12-21 06:40:00+00:00,185.97852,238.47303857407837,-52.49452294907837,52.49452294907837
2013-12-21 06:50:00+00:00,186.10909,265.2142277465516,-79.1051426635438,79.1051426635438
2013-12-21 07:00:00+00:00,205.47034,306.24356259190836,-100.77322567784586,100.77322567784586
2013-12-21 07:10:00+00:00,195.52145,331.2346392003144,-135.71318534289253,135.71318534289253
2013-12-21 07:20:00+00:00,186.84741,375.4468629236494,-188.5994508142744,188.5994508142744
2013-12-21 07:30:00+00:00,307.82828,456.0593948771682,-148.23111728927756,148.23111728927756
2013-12-21 07:40:00+00:00,278.73428,481.94948898286066,-203.21520553559503,203.21520553559503
2013-12-21 07:50:00+00:00,267.2711,574.7686420892261,-307.4975544427417,307.4975544427417
2013-12-21 08:00:00+00:00,371.5458,656.5347209072942,-284.98891402252855,284.98891402252855
2013-12-21 08:10:00+00:00,390.23846,694.4864388933584,-304.2479745378896,304.2479745378896
2013-12-21 08:20:00+00:00,500.25824,770.8287245481113,-270.5704848020175,270.5704848020175
2013-12-21 08:30:00+00:00,578.7703,802.1773158275342,-223.406991120503,223.406991120503
2013-12-21 08:40:00+00:00,593.7696,887.0521703832054,-293.28257809804916,293.28257809804916
2013-12-21 08:50:00+00:00,747.1969,947.070255602085,-199.8733561880225,199.8733561880225
2013-12-21 09:00:00+00:00,979.7205,1026.7841744151674,-47.06365439563615,47.06365439563615
2013-12-21 09:10:00+00:00,1173.3113,1121.0438309751128,52.26744832176223,52.26744832176223
2013-12-21 09:20:00+00:00,1179.3773,1257.355905687814,-77.9785863518764,77.9785863518764
2013-12-21 09:30:00+00:00,1445.695,1372.1189399769642,73.57600631209834,73.57600631209834
2013-12-21 09:40:00+00:00,1614.0153,1476.2312627163162,137.78399607274628,137.78399607274628
2013-12-21 09:50:00+00:00,1798.5656,1602.2183401561513,196.34721160166123,196.34721160166123
2013-12-21 10:00:00+00:00,1800.5889,1751.9900348653878,48.59883232211223,48.59883232211223
2013-12-21 10:10:00+00:00,1981.9536,1860.6005217218303,121.35309155941968,121.35309155941968
2013-12-21 10:20:00+00:00,2393.8694,1986.4783777729847,407.3910069926403,407.3910069926403
2013-12-21 10:30:00+00:00,2410.1882,2111.296503848136,298.8917285737389,298.8917285737389
2013-12-21 10:40:00+00:00,2549.087,2259.2138719814047,289.87304208109526,289.87304208109526
2013-12-21 10:50:00+00:00,3001.356,2362.09309618516,639.26286084609,639.26286084609
2013-12-21 11:00:00+00:00,3234.3318,2450.1822645555408,784.1495225538342,784.1495225538342
2013-12-21 11:10:00+00:00,3248.875,2504.7091664011837,744.1658335988163,744.1658335988163
2013-12-21 11:20:00+00:00,3242.8435,2557.9956975927,684.8478082666752,684.8478082666752
2013-12-21 11:30:00+00:00,3648.0024,2711.3214674812175,936.6809739250325,936.6809739250325
2013-12-21 11:40:00+00:00,3273.487,2808.569297318517,464.9177632283581,464.9177632283581
2013-12-21 11:50:00+00:00,3526.6238,2932.6473652365867,593.9764140602883,593.9764140602883
2013-12-21 12:00:00+00:00,3619.1963,3021.304705222069,597.8915838404309,597.8915838404309
2013-12-21 12:10:00+00:00,3666.4731,3212.8258929387675,453.64725159248246,453.64725159248246
2013-12-21 12:20:00+00:00,3364.3147,3311.6741952517414,52.64050201388363,52.64050201388363
2013-12-21 12:30:00+00:00,3700.2458,3415.8462520707617,284.3995975386133,284.3995975386133
2013-12-21 12:40:00+00:00,3582.892,3476.2921614950383,106.59992834871173,106.59992834871173
2013-12-21 12:50:00+00:00,3587.9163,3627.0740932123,-39.157833446674886,39.157833446674886
2013-12-21 13:00:00+00:00,3903.0085,3615.669774883908,287.33877003796715,287.33877003796715
2013-12-21 13:10:00+00:00,4181.9585,3611.7657531318328,570.1927429619172,570.1927429619172
2013-12-21 13:20:00+00:00,4212.687,3665.828162845616,546.8588488731339,546.8588488731339
2013-12-21 13:30:00+00:00,4306.089,3657.1072648215268,648.9816023659732,648.9816023659732
2013-12-21 13:40:00+00:00,4198.1953,3608.5078668371234,589.6874456628766,589.6874456628766
2013-12-21 13:50:00+00:00,4425.187,3630.4493675343056,794.7376441844444,794.7376441844444
2013-12-21 14:00:00+00:00,4268.1353,3711.497213960056,556.6380399461941,556.6380399461941
2013-12-21 14:10:00+00:00,4522.2676,3629.272756373679,892.9948217513211,892.9948217513211
2013-12-21 14:20:00+00:00,4519.3184,3730.8178640467577,788.5004953282423,788.5004953282423
2013-12-21 14:30:00+00:00,4838.858,3810.2447193036387,1028.6131908526113,1028.6131908526113
2013-12-21 14:40:00+00:00,4758.903,3828.1791244077194,930.7237076235306,930.7237076235306
2013-12-21 14:50:00+00:00,5052.6924,3832.9505241333554,1219.7418586791446,1219.7418586791446
2013-12-21 15:00:00+00:00,4866.655,3826.1249962839256,1040.5297888723244,1040.5297888723244
2013-12-21 15:10:00+00:00,5130.258,3945.578053303867,1184.679759196133,1184.679759196133
2013-12-21 15:20:00+00:00,5105.8174,3895.363787029233,1210.4535957832668,1210.4535957832668
2013-12-21 15:30:00+00:00,5094.571,3941.4190625392657,1153.1517382419843,1153.1517382419843
2013-12-21 15:40:00+00:00,5165.8643,3887.7211975251566,1278.1430602873434,1278.1430602873434
2013-12-21 15:50:00+00:00,5108.8716,3902.6338625238204,1206.2377195074296,1206.2377195074296
2013-12-21 16:00:00+00:00,5034.0854,3992.6115496568864,1041.4738995618636,1041.4738995618636
2013-12-21 16:10:00+00:00,4683.821,3958.8094462871413,725.0113544941087,725.0113544941087
2013-12-21 16:20:00+00:00,4655.5234,3785.6166838313648,869.9067536686352,869.9067536686352
2013-12-21 16:30:00+00:00,4559.0493,3760.4765055726148,798.5728108336352,798.5728108336352
2013-12-21 16:40:00+00:00,4416.7056,3734.149077000804,682.556489405446,682.556489405446
2013-12-21 16:50:00+00:00,4231.8965,3700.499596348486,531.3968880265138,531.3968880265138
2013-12-21 17:00:00+00:00,4183.099,3702.0555475719457,481.0435735218043,481.0435735218043
2013-12-21 17:10:00+00:00,3800.174,3510.503225831242,289.67084643438284,289.67084643438284
2013-12-21 17:20:00+00:00,3722.465,3481.6311193077254,240.83396858289962,240.83396858289962
2013-12-21 17:30:00+00:00,3282.894,3394.957561051785,-112.06351808303498,112.06351808303498
2013-12-21 17:40:00+00:00,3272.1958,3276.6456437995894,-4.449843018339379,4.449843018339379
2013-12-21 17:50:00+00:00,3332.8994,3145.853672145849,187.04574191665097,187.04574191665097
2013-12-21 18:00:00+00:00,3076.6372,3056.4969648615574,20.140242169692556,20.140242169692556
2013-12-21 18:10:00+00:00,2824.04,2941.1239598319535,-117.08392076945347,117.08392076945347
2013-12-21 18:20:00+00:00,2609.197,2813.4402735301574,-204.24325204578236,204.24325204578236
2013-12-21 18:30:00+00:00,2633.7673,2639.998409967548,-6.231075983173014,6.231075983173014
2013-12-21 18:40:00+00:00,2368.9355,2541.775708620004,-172.84016174500402,172.84016174500402
2013-12-21 18:50:00+00:00,2295.6323,2354.2756159636538,-58.64329174490376,58.64329174490376
2013-12-21 19:00:00+00:00,2077.2273,2161.867827994293,-84.64053307241784,84.64053307241784
2013-12-21 19:10:00+00:00,1861.7905,1963.373259931885,-101.58273258813506,101.58273258813506
2013-12-21 19:20:00+00:00,1622.7635,1859.8362729796597,-237.07272317497223,237.07272317497223
2013-12-21 19:30:00+00:00,1412.6158,1628.207045308976,-215.59120058241342,215.59120058241342
2013-12-21 19:40:00+00:00,1186.0413,1484.0966840961999,-298.05542433057485,298.05542433057485
2013-12-21 19:50:00+00:00,1268.3247,1429.3279383944566,-161.00323136320662,161.00323136320662
2013-12-21 20:00:00+00:00,1114.9523,1270.0196226384564,-155.06735213064394,155.06735213064394
2013-12-21 20:10:00+00:00,1108.4268,1157.4659421559506,-49.03918434345064,49.03918434345064
2013-12-21 20:20:00+00:00,998.37274,1188.019044782682,-189.64630308346318,189.64630308346318
2013-12-21 20:30:00+00:00,1004.1274,1160.3693544494151,-156.2419740783214,156.2419740783214
2013-12-21 20:40:00+00:00,837.0804,1096.9878655707223,-259.90748226994106,259.90748226994106
2013-12-21 20:50:00+00:00,820.98016,1049.0708666859755,-228.09070311175674,228.09070311175674
2013-12-21 21:00:00+00:00,1047.5771,1048.9960816333282,-1.418933195828231,1.418933195828231
2013-12-21 21:10:00+00:00,895.16144,970.0859140760282,-74.92447608774694,74.92447608774694
2013-12-21 21:20:00+00:00,773.6698,852.1555055660414,-78.48570576135387,78.48570576135387
2013-12-21 21:30:00+00:00,779.0657,776.1684827586583,2.8971910694666576,2.8971910694666576
2013-12-21 21:40:00+00:00,838.5813,715.0830375556292,123.49826127249582,123.49826127249582
2013-12-21 21:50:00+00:00,807.0388,646.8767065813721,160.1621117780029,160.1621117780029
2013-12-21 22:00:00+00:00,715.89087,612.0469048882428,103.8439642523822,103.8439642523822
2013-12-21 22:10:00+00:00,553.2155,555.0489391926941,-1.8334240559753425,1.8334240559753425
2013-12-21 22:20:00+00:00,430.6264,553.9611251692274,-123.3347213606337,123.3347213606337
2013-12-21 22:30:00+00:00,447.70502,522.18303774213,-74.4780206522862,74.4780206522862
2013-12-21 22:40:00+00:00,377.8843,460.9060080609738,-83.0217001996457,83.0217001996457
2013-12-21 22:50:00+00:00,412.20642,436.4601967831911,-24.253775884753622,24.253775884753622
2013-12-21 23:00:00+00:00,413.0777,404.6210844595298,8.456613294376439,8.456613294376439
2013-12-21 23:10:00+00:00,471.00955,373.5643936438182,97.4451583581349,97.4451583581349
2013-12-21 23:20:00+00:00,363.99002,358.2458616776239,5.744159074329218,5.744159074329218
2013-12-21 23:30:00+00:00,315.43777,345.8770463335493,-30.439271675346163,30.439271675346163
2013-12-21 23:40:00+00:00,296.57703,296.71942305092375,-0.14239668373625136,0.14239668373625136
2013-12-21 23:50:00+00:00,202.54585,260.71384737357334,-58.16799471244053,58.16799471244053
2013-12-22 00:00:00+00:00,218.83162,227.9973792265339,-9.165759963838582,9.165759963838582
2013-12-22 00:10:00+00:00,219.8482,193.7574078288037,26.090797737602543,26.090797737602543
2013-12-22 00:20:00+00:00,202.82524,181.26214231934523,21.563098769521957,21.563098769521957
2013-12-22 00:30:00+00:00,209.5705,163.89032644255803,45.680169162910715,45.680169162910715
2013-12-22 00:40:00+00:00,187.73396,154.09808015851877,33.63588285417654,33.63588285417654
2013-12-22 00:50:00+00:00,179.7545,157.39309200208822,22.361409340685213,22.361409340685213
2013-12-22 01:00:00+00:00,176.40178,145.50194452650794,30.899834648296746,30.899834648296746
2013-12-22 01:10:00+00:00,158.61143,119.96751193035152,38.64392300617192,38.64392300617192
2013-12-22 01:20:00+00:00,179.52647,136.43260201589032,43.09387198313311,43.09387198313311
2013-12-22 01:30:00+00:00,149.51907,129.62004600919636,19.899027477131767,19.899027477131767
2013-12-22 01:40:00+00:00,161.56744,116.55095030078087,45.01649354687538,45.01649354687538
2013-12-22 01:50:00+00:00,163.08073,111.57953970106882,51.50119455186086,51.50119455186086
2013-12-22 02:00:00+00:00,154.28816,118.645624295973,35.64253793547232,35.64253793547232
2013-12-22 02:10:00+00:00,142.01268,107.41452771570493,34.598152338006,34.598152338006
2013-12-22 02:20:00+00:00,152.53969,117.10871604842919,35.430972061922375,35.430972061922375
2013-12-22 02:30:00+00:00,146.83548,124.80658950308589,22.028890233242237,22.028890233242237
2013-12-22 02:40:00+00:00,155.61835,110.71400763566407,44.904339532304675,44.904339532304675
2013-12-22 02:50:00+00:00,150.7814,125.88733209981228,24.89407048807834,24.89407048807834
2013-12-22 03:00:00+00:00,144.24457,134.0398646519625,10.204703219131261,10.204703219131261
2013-12-22 03:10:00+00:00,142.62239,113.83475142874977,28.787639318320544,28.787639318320544
2013-12-22 03:20:00+00:00,149.29715,127.82488105967809,21.472268598525034,21.472268598525034
2013-12-22 03:30:00+00:00,154.07323,129.9577644750857,24.11546245362524,24.11546245362524
2013-12-22 03:40:00+00:00,146.93765,122.40161942291047,24.536033164980154,24.536033164980154
2013-12-22 03:50:00+00:00,136.63799,131.58332650052103,5.054658728971162,5.054658728971162
2013-12-22 04:00:00+00:00,175.04291,133.59607388312975,41.446833831714,41.446833831714
2013-12-22 04:10:00+00:00,186.43608,135.86330395333107,50.57277697928612,50.57277697928612
2013-12-22 04:20:00+00:00,153.20044,133.91668257491028,19.283756878214717,19.283756878214717
2013-12-22 04:30:00+00:00,166.23944,148.58411259697095,17.655328320997796,17.655328320997796
2013-12-22 04:40:00+00:00,139.73802,138.0114802646135,1.7265415859724271,1.7265415859724271
2013-12-22 04:50:00+00:00,167.03908,147.00073033908393,20.038347419705133,20.038347419705133
2013-12-22 05:00:00+00:00,157.21971,148.05536990866472,9.164341395046222,9.164341395046222
2013-12-22 05:10:00+00:00,191.12532,139.61187254335914,51.51344789121117,51.51344789121117
2013-12-22 05:20:00+00:00,174.44112,151.09908863518672,23.342027697821095,23.342027697821095
2013-12-22 05:30:00+00:00,180.50871,153.62789367502546,26.880819093529226,26.880819093529226
2013-12-22 05:40:00+00:00,198.58919,163.8549114907412,34.734276131329125,34.734276131329125
2013-12-22 05:50:00+00:00,175.94362,174.19157769072604,1.7520410836880274,1.7520410836880274
2013-12-22 06:00:00+00:00,185.95255,194.25938821674254,-8.306843050726911,8.306843050726911
2013-12-22 06:10:00+00:00,169.12952,199.04012415551665,-29.91060755395415,29.91060755395415
2013-12-22 06:20:00+00:00,143.0414,220.74853995368312,-77.70714285895656,77.70714285895656
2013-12-22 06:30:00+00:00,192.02542,231.60841605085875,-39.582994908280625,39.582994908280625
2013-12-22 06:40:00+00:00,183.36688,238.47303857407837,-55.10615624985962,55.10615624985962
2013-12-22 06:50:00+00:00,239.69345,265.2142277465516,-25.52077681881724,25.52077681881724
2013-12-22 07:00:00+00:00,326.51993,306.24356259190836,20.276365386607267,20.276365386607267
2013-12-22 07:10:00+00:00,212.49551,331.2346392003144,-118.73912528429878,118.73912528429878
2013-12-22 07:20:00+00:00,256.83148,375.4468629236494,-118.61538099005566,118.61538099005566
2013-12-22 07:30:00+00:00,264.20374,456.0593948771682,-191.8556595256057,191.8556595256057
2013-12-22 07:40:00+00:00,247.0482,481.94948898286066,-234.90128646821222,234.90128646821222
2013-12-22 07:50:00+00:00,314.6997,574.7686420892261,-260.0689350579761,260.0689350579761
2013-12-22 08:00:00+00:00,313.33243,656.5347209072942,-343.20229292877855,343.20229292877855
2013-12-22 08:10:00+00:00,306.60724,694.4864388933584,-387.8792001238271,387.8792001238271
2013-12-22 08:20:00+00:00,363.2164,770.8287245481113,-407.6123244016269,407.6123244016269
2013-12-22 08:30:00+00:00,477.09918,802.1773158275342,-325.078133698628,325.078133698628
2013-12-22 08:40:00+00:00,481.28082,887.0521703832054,-405.77134762929916,405.77134762929916
2013-12-22 08:50:00+00:00,628.9664,947.070255602085,-318.10388597317876,318.10388597317876
2013-12-22 09:00:00+00:00,752.0723,1026.7841744151674,-274.71184775501115,274.71184775501115
2013-12-22 09:10:00+00:00,1039.009,1121.0438309751128,-82.03479777198777,82.03479777198777
2013-12-22 09:20:00+00:00,1109.2445,1257.355905687814,-148.1113988518764,148.1113988518764
2013-12-22 09:30:00+00:00,1499.9974,1372.1189399769642,127.87849654647334,127.87849654647334
2013-12-22 09:40:00+00:00,1590.5736,1476.2312627163162,114.34234568212128,114.34234568212128
2013-12-22 09:50:00+00:00,1928.7981,1602.2183401561513,326.57975554697373,326.57975554697373
2013-12-22 10:00:00+00:00,1946.3638,1751.9900348653878,194.37373466586223,194.37373466586223
2013-12-22 10:10:00+00:00,2241.6602,1860.6005217218303,381.0596345281697,381.0596345281697
2013-12-22 10:20:00+00:00,2523.812,1986.4783777729847,537.3336339457653,537.3336339457653
2013-12-22 10:30:00+00:00,2756.8755,2111.296503848136,645.5789844331139,645.5789844331139
2013-12-22 10:40:00+00:00,2699.02,2259.2138719814047,439.80614754984526,439.80614754984526
2013-12-22 10:50:00+00:00,2903.1016,2362.09309618516,541.00846631484,541.00846631484
2013-12-22 11:00:00+00:00,3042.7173,2450.1822645555408,592.5350206007092,592.5350206007092
2013-12-22 11:10:00+00:00,3280.69,2504.7091664011837,775.9807750050663,775.9807750050663
2013-12-22 11:20:00+00:00,3364.4517,2557.9956975927,806.4559625635502,806.4559625635502
2013-12-22 11:30:00+00:00,3447.2058,2711.3214674812175,735.8843430656575,735.8843430656575
2013-12-22 11:40:00+00:00,3336.669,2808.569297318517,528.0996479939831,528.0996479939831
2013-12-22 11:50:00+00:00,3495.54,2932.6473652365867,562.8926738259133,562.8926738259133
2013-12-22 12:00:00+00:00,3447.938,3021.304705222069,426.63328305918094,426.63328305918094
2013-12-22 12:10:00+00:00,3590.7683,3212.8258929387675,377.94241760810746,377.94241760810746
2013-12-22 12:20:00+00:00,3526.7812,3311.6741952517414,215.10705474825863,215.10705474825863
2013-12-22 12:30:00+00:00,3253.5884,3415.8462520707617,-162.2578731645117,162.2578731645117
2013-12-22 12:40:00+00:00,3656.2952,3476.2921614950383,180.00300452058673,180.00300452058673
2013-12-22 12:50:00+00:00,3641.7776,3627.0740932123,14.703494678325114,14.703494678325114
2013-12-22 13:00:00+00:00,3755.169,3615.669774883908,139.49917042859215,139.49917042859215
2013-12-22 13:10:00+00:00,3838.6245,3611.7657531318328,226.85875858691725,226.85875858691725
2013-12-22 13:20:00+00:00,4022.7698,3665.828162845616,356.94161254500887,356.94161254500887
2013-12-22 13:30:00+00:00,4031.1904,3657.1072648215268,374.08316486597323,374.08316486597323
2013-12-22 13:40:00+00:00,3989.1548,3608.5078668371234,380.6469183191266,380.6469183191266
2013-12-22 13:50:00+00:00,3896.5227,3630.4493675343056,266.07333754381943,266.07333754381943
2013-12-22 14:00:00+00:00,4405.149,3711.497213960056,693.6517118211941,693.6517118211941
2013-12-22 14:10:00+00:00,4405.3496,3629.272756373679,776.0768530013211,776.0768530013211
2013-12-22 14:20:00+00:00,4582.6865,3730.8178640467577,851.8686593907423,851.8686593907423
2013-12-22 14:30:00+00:00,4855.8833,3810.2447193036387,1045.6385814776113,1045.6385814776113
2013-12-22 14:40:00+00:00,4642.7583,3828.1791244077194,814.5791763735306,814.5791763735306
2013-12-22 14:50:00+00:00,4732.5034,3832.9505241333554,899.5528938353946,899.5528938353946
2013-12-22 15:00:00+00:00,4865.479,3826.1249962839256,1039.3540076223244,1039.3540076223244
2013-12-22 15:10:00+00:00,5169.101,3945.578053303867,1223.523020914883,1223.523020914883
2013-12-22 15:20:00+00:00,5439.839,3895.363787029233,1544.4750801582668,1544.4750801582668
2013-12-22 15:30:00+00:00,5073.788,3941.4190625392657,1132.3690233982343,1132.3690233982343
2013-12-22 15:40:00+00:00,5115.4746,3887.7211975251566,1227.7534118498434,1227.7534118498434
2013-12-22 15:50:00+00:00,5143.18,3902.6338625238204,1240.5463132574296,1240.5463132574296
2013-12-22 16:00:00+00:00,5037.303,3992.6115496568864,1044.6916729993636,1044.6916729993636
2013-12-22 16:10:00+00:00,5122.966,3958.8094462871413,1164.1563740253587,1164.1563740253587
2013-12-22 16:20:00+00:00,4663.9795,3785.6166838313648,878.3628083561352,878.3628083561352
2013-12-22 16:30:00+00:00,4538.0522,3760.4765055726148,777.5757405211352,777.5757405211352
2013-12-22 16:40:00+00:00,4640.5366,3734.149077000804,906.387544092946,906.387544092946
2013-12-22 16:50:00+00:00,4441.538,3700.499596348486,741.0384895890138,741.0384895890138
2013-12-22 17:00:00+00:00,4050.5598,3702.0555475719457,348.5042668811793,348.5042668811793
2013-12-22 17:10:00+00:00,3920.0964,3510.503225831242,409.59320971563284,409.59320971563284
2013-12-22 17:20:00+00:00,3776.734,3481.6311193077254,295.1027674110246,295.1027674110246
2013-12-22 17:30:00+00:00,3411.486,3394.957561051785,16.528522932590022,16.528522932590022
2013-12-22 17:40:00+00:00,3250.2898,3276.6456437995894,-26.35584887771438,26.35584887771438
2013-12-22 17:50:00+00:00,3108.0925,3145.853672145849,-37.76114284897403,37.76114284897403
2013-12-22 18:00:00+00:00,2732.2637,3056.4969648615574,-324.23329298655744,324.23329298655744
2013-12-22 18:10:00+00:00,2419.375,2941.1239598319535,-521.7489598319535,521.7489598319535
2013-12-22 18:20:00+00:00,2101.708,2813.4402735301574,-711.7322657176574,711.7322657176574
2013-12-22 18:30:00+00:00,1874.9402,2639.998409967548,-765.058224420673,765.058224420673
2013-12-22 18:40:00+00:00,1728.8618,2541.775708620004,-812.913892213754,812.913892213754
2013-12-22 18:50:00+00:00,1395.5767,2354.2756159636538,-958.6989558074038,958.6989558074038
2013-12-22 19:00:00+00:00,1422.622,2161.867827994293,-739.2458797521053,739.2458797521053
2013-12-22 19:10:00+00:00,1305.6294,1963.373259931885,-657.7438654006351,657.7438654006351
2013-12-22 19:20:00+00:00,1191.2471,1859.8362729796597,-668.5892026671597,668.5892026671597
2013-12-22 19:30:00+00:00,1004.4743,1628.207045308976,-623.7327411097572,623.7327411097572
2013-12-22 19:40:00+00:00,862.56586,1484.0966840961999,-621.5308271626061,621.5308271626061
2013-12-22 19:50:00+00:00,911.0862,1429.3279383944566,-518.2417567538316,518.2417567538316
2013-12-22 20:00:00+00:00,751.56976,1270.0196226384564,-518.4498594548627,518.4498594548627
2013-12-22 20:10:00+00:00,570.8474,1157.4659421559506,-586.6185300465756,586.6185300465756
2013-12-22 20:20:00+00:00,561.2426,1188.019044782682,-626.7764300365882,626.7764300365882
2013-12-22 20:30:00+00:00,603.3179,1160.3693544494151,-557.0514833556651,557.0514833556651
2013-12-22 20:40:00+00:00,408.24664,1096.9878655707223,-688.741222504316,688.741222504316
2013-12-22 20:50:00+00:00,505.84894,1049.0708666859755,-543.2219286976942,543.2219286976942
2013-12-22 21:00:00+00:00,695.29504,1048.9960816333282,-353.70103768801573,353.70103768801573
2013-12-22 21:10:00+00:00,543.65686,970.0859140760282,-426.4290537244657,426.4290537244657
2013-12-22 21:20:00+00:00,428.60965,852.1555055660414,-423.54585590783825,423.54585590783825
2013-12-22 21:30:00+00:00,377.4585,776.1684827586583,-398.70998666490834,398.70998666490834
2013-12-22 21:40:00+00:00,399.6471,715.0830375556292,-315.4359428290667,315.4359428290667
2013-12-22 21:50:00+00:00,363.41257,646.8767065813721,-283.46413944270023,283.46413944270023
2013-12-22 22:00:00+00:00,364.12872,612.0469048882428,-247.91818174371156,247.91818174371156
2013-12-22 22:10:00+00:00,287.40366,555.0489391926941,-267.6452831868347,267.6452831868347
2013-12-22 22:20:00+00:00,268.67126,553.9611251692274,-285.28986052078994,285.28986052078994
2013-12-22 22:30:00+00:00,253.78546,522.18303774213,-268.3975763163487,268.3975763163487
2013-12-22 22:40:00+00:00,274.79996,460.9060080609738,-186.1060507855832,186.1060507855832
2013-12-22 22:50:00+00:00,230.58258,436.4601967831911,-205.87761621678487,205.87761621678487
2013-12-22 23:00:00+00:00,387.52216,404.6210844595298,-17.09892869781106,17.09892869781106
2013-12-22 23:10:00+00:00,303.24792,373.5643936438182,-70.31646883913072,70.31646883913072
2013-12-22 23:20:00+00:00,223.93195,358.2458616776239,-134.31391587684266,134.31391587684266
2013-12-22 23:30:00+00:00,207.78625,345.8770463335493,-138.0907914507368,138.0907914507368
2013-12-22 23:40:00+00:00,174.15248,296.71942305092375,-122.56694197182219,122.56694197182219
2013-12-22 23:50:00+00:00,156.38501,260.71384737357334,-104.32883760794834,104.32883760794834
